"file","StockUnit","Metric","SSP","Year","Mean_Temperature","Assessment_Mean","Temp_Anomaly"
"SSP126_TOBGOM_COD.RDS","codWGOM","BT","SSP126",1970,6.8544757594233,7.42200996993543,-0.567534210512131
"SSP126_TOBGOM_COD.RDS","codWGOM","BT","SSP126",1971,7.63229000094514,7.42200996993543,0.210280031009709
"SSP126_TOBGOM_COD.RDS","codWGOM","BT","SSP126",1972,7.8680009097046,7.42200996993543,0.445990939769169
"SSP126_TOBGOM_COD.RDS","codWGOM","BT","SSP126",1973,7.6829837217094,7.42200996993543,0.260973751773969
"SSP126_TOBGOM_COD.RDS","codWGOM","BT","SSP126",1974,7.15450753069812,7.42200996993543,-0.267502439237311
"SSP126_TOBGOM_COD.RDS","codWGOM","BT","SSP126",1975,7.28866374329751,7.42200996993543,-0.13334622663792
"SSP126_TOBGOM_COD.RDS","codWGOM","BT","SSP126",1976,6.90692905491183,7.42200996993543,-0.515080915023601
"SSP126_TOBGOM_COD.RDS","codWGOM","BT","SSP126",1977,6.83455849078871,7.42200996993543,-0.587451479146721
"SSP126_TOBGOM_COD.RDS","codWGOM","BT","SSP126",1978,6.38201903897043,7.42200996993543,-1.039990930965
"SSP126_TOBGOM_COD.RDS","codWGOM","BT","SSP126",1979,6.29733268740755,7.42200996993543,-1.12467728252788
"SSP126_TOBGOM_COD.RDS","codWGOM","BT","SSP126",1980,6.66908370796938,7.42200996993543,-0.752926261966051
"SSP126_TOBGOM_COD.RDS","codWGOM","BT","SSP126",1981,7.15577301623658,7.42200996993543,-0.266236953698851
"SSP126_TOBGOM_COD.RDS","codWGOM","BT","SSP126",1982,7.03328214565419,7.42200996993543,-0.388727824281241
"SSP126_TOBGOM_COD.RDS","codWGOM","BT","SSP126",1983,7.31521173367589,7.42200996993543,-0.10679823625954
"SSP126_TOBGOM_COD.RDS","codWGOM","BT","SSP126",1984,7.51232129757449,7.42200996993543,0.0903113276390597
"SSP126_TOBGOM_COD.RDS","codWGOM","BT","SSP126",1985,7.69343227436824,7.42200996993543,0.271422304432809
"SSP126_TOBGOM_COD.RDS","codWGOM","BT","SSP126",1986,7.40700088021178,7.42200996993543,-0.0150090897236508
"SSP126_TOBGOM_COD.RDS","codWGOM","BT","SSP126",1987,6.97593467783484,7.42200996993543,-0.44607529210059
"SSP126_TOBGOM_COD.RDS","codWGOM","BT","SSP126",1988,7.0143052582415,7.42200996993543,-0.40770471169393
"SSP126_TOBGOM_COD.RDS","codWGOM","BT","SSP126",1989,7.85233747618539,7.42200996993543,0.430327506249959
"SSP126_TOBGOM_COD.RDS","codWGOM","BT","SSP126",1990,7.65143882858087,7.42200996993543,0.22942885864544
"SSP126_TOBGOM_COD.RDS","codWGOM","BT","SSP126",1991,7.71822739121336,7.42200996993543,0.296217421277929
"SSP126_TOBGOM_COD.RDS","codWGOM","BT","SSP126",1992,7.20650884527597,7.42200996993543,-0.215501124659461
"SSP126_TOBGOM_COD.RDS","codWGOM","BT","SSP126",1993,6.89101407098474,7.42200996993543,-0.530995898950691
"SSP126_TOBGOM_COD.RDS","codWGOM","BT","SSP126",1994,7.22557236526323,7.42200996993543,-0.196437604672201
"SSP126_TOBGOM_COD.RDS","codWGOM","BT","SSP126",1995,7.11875837915432,7.42200996993543,-0.303251590781111
"SSP126_TOBGOM_COD.RDS","codWGOM","BT","SSP126",1996,7.31772932251048,7.42200996993543,-0.104280647424951
"SSP126_TOBGOM_COD.RDS","codWGOM","BT","SSP126",1997,7.29460077700408,7.42200996993543,-0.127409192931351
"SSP126_TOBGOM_COD.RDS","codWGOM","BT","SSP126",1998,7.12049077682614,7.42200996993543,-0.301519193109291
"SSP126_TOBGOM_COD.RDS","codWGOM","BT","SSP126",1999,7.19526044507945,7.42200996993543,-0.226749524855981
"SSP126_TOBGOM_COD.RDS","codWGOM","BT","SSP126",2000,7.19433000991063,7.42200996993543,-0.2276799600248
"SSP126_TOBGOM_COD.RDS","codWGOM","BT","SSP126",2001,7.05939205818295,7.42200996993543,-0.362617911752481
"SSP126_TOBGOM_COD.RDS","codWGOM","BT","SSP126",2002,7.17194478215638,7.42200996993543,-0.25006518777905
"SSP126_TOBGOM_COD.RDS","codWGOM","BT","SSP126",2003,6.26953735840247,7.42200996993543,-1.15247261153296
"SSP126_TOBGOM_COD.RDS","codWGOM","BT","SSP126",2004,6.54405451990803,7.42200996993543,-0.8779554500274
"SSP126_TOBGOM_COD.RDS","codWGOM","BT","SSP126",2005,6.81851324798158,7.42200996993543,-0.60349672195385
"SSP126_TOBGOM_COD.RDS","codWGOM","BT","SSP126",2006,7.38704201094112,7.42200996993543,-0.0349679589943106
"SSP126_TOBGOM_COD.RDS","codWGOM","BT","SSP126",2007,7.1274122122652,7.42200996993543,-0.294597757670231
"SSP126_TOBGOM_COD.RDS","codWGOM","BT","SSP126",2008,7.45492684944816,7.42200996993543,0.0329168795127295
"SSP126_TOBGOM_COD.RDS","codWGOM","BT","SSP126",2009,7.60933801653963,7.42200996993543,0.1873280466042
"SSP126_TOBGOM_COD.RDS","codWGOM","BT","SSP126",2010,7.03932095921558,7.42200996993543,-0.382689010719851
"SSP126_TOBGOM_COD.RDS","codWGOM","BT","SSP126",2011,7.3887514878504,7.42200996993543,-0.0332584820850306
"SSP126_TOBGOM_COD.RDS","codWGOM","BT","SSP126",2012,7.12020082266434,7.42200996993543,-0.301809147271091
"SSP126_TOBGOM_COD.RDS","codWGOM","BT","SSP126",2013,7.10810769833393,7.42200996993543,-0.313902271601501
"SSP126_TOBGOM_COD.RDS","codWGOM","BT","SSP126",2014,6.91833410218636,7.42200996993543,-0.503675867749071
"SSP126_TOBGOM_COD.RDS","codWGOM","BT","SSP126",2015,7.32237070169508,7.42200996993543,-0.0996392682403506
"SSP126_TOBGOM_COD.RDS","codWGOM","BT","SSP126",2016,7.53678123862107,7.42200996993543,0.114771268685639
"SSP126_TOBGOM_COD.RDS","codWGOM","BT","SSP126",2017,8.35110209476874,7.42200996993543,0.929092124833309
"SSP126_TOBGOM_COD.RDS","codWGOM","BT","SSP126",2018,8.93575108258621,7.42200996993543,1.51374111265078
"SSP126_TOBGOM_COD.RDS","codWGOM","BT","SSP126",2019,7.87973092313139,7.42200996993543,0.45772095319596
"SSP126_TOBGOM_COD.RDS","codWGOM","BT","SSP126",2020,8.27143208802857,7.42200996993543,0.849422118093139
"SSP126_TOBGOM_COD.RDS","codWGOM","BT","SSP126",2021,8.65226456171237,7.42200996993543,1.23025459177694
"SSP126_TOBGOM_COD.RDS","codWGOM","BT","SSP126",2022,9.07336491916491,7.42200996993543,1.65135494922948
"SSP126_TOBGOM_COD.RDS","codWGOM","BT","SSP126",2023,8.21322499965289,7.42200996993543,0.79121502971746
"SSP126_TOBGOM_COD.RDS","codWGOM","BT","SSP126",2024,8.34557901361714,7.42200996993543,0.923569043681709
"SSP126_TOBGOM_COD.RDS","codWGOM","BT","SSP126",2025,8.09472112448319,7.42200996993543,0.672711154547759
"SSP126_TOBGOM_COD.RDS","codWGOM","BT","SSP126",2026,7.91470590185675,7.42200996993543,0.492695931921319
"SSP126_TOBGOM_COD.RDS","codWGOM","BT","SSP126",2027,7.90019659936798,7.42200996993543,0.47818662943255
"SSP126_TOBGOM_COD.RDS","codWGOM","BT","SSP126",2028,8.25864312382218,7.42200996993543,0.83663315388675
"SSP126_TOBGOM_COD.RDS","codWGOM","BT","SSP126",2029,8.04894827330335,7.42200996993543,0.62693830336792
"SSP126_TOBGOM_COD.RDS","codWGOM","BT","SSP126",2030,8.37055933668006,7.42200996993543,0.948549366744629
"SSP126_TOBGOM_COD.RDS","codWGOM","BT","SSP126",2031,8.96166833172674,7.42200996993543,1.53965836179131
"SSP126_TOBGOM_COD.RDS","codWGOM","BT","SSP126",2032,7.95772418798127,7.42200996993543,0.53571421804584
"SSP126_TOBGOM_COD.RDS","codWGOM","BT","SSP126",2033,7.4980848173177,7.42200996993543,0.0760748473822694
"SSP126_TOBGOM_COD.RDS","codWGOM","BT","SSP126",2034,7.88458023041672,7.42200996993543,0.462570260481289
"SSP126_TOBGOM_COD.RDS","codWGOM","BT","SSP126",2035,7.74144512244633,7.42200996993543,0.319435152510899
"SSP126_TOBGOM_COD.RDS","codWGOM","BT","SSP126",2036,7.82972397345193,7.42200996993543,0.407714003516499
"SSP126_TOBGOM_COD.RDS","codWGOM","BT","SSP126",2037,7.66961613278952,7.42200996993543,0.24760616285409
"SSP126_TOBGOM_COD.RDS","codWGOM","BT","SSP126",2038,8.18597388593306,7.42200996993543,0.76396391599763
"SSP126_TOBGOM_COD.RDS","codWGOM","BT","SSP126",2039,8.10008918083973,7.42200996993543,0.678079210904299
"SSP126_TOBGOM_COD.RDS","codWGOM","BT","SSP126",2040,8.53521332533463,7.42200996993543,1.1132033553992
"SSP126_TOBGOM_COD.RDS","codWGOM","BT","SSP126",2041,8.03691566064491,7.42200996993543,0.614905690709479
"SSP126_TOBGOM_COD.RDS","codWGOM","BT","SSP126",2042,8.24162378696181,7.42200996993543,0.819613817026379
"SSP126_TOBGOM_COD.RDS","codWGOM","BT","SSP126",2043,8.45520419156329,7.42200996993543,1.03319422162786
"SSP126_TOBGOM_COD.RDS","codWGOM","BT","SSP126",2044,8.42678638348668,7.42200996993543,1.00477641355125
"SSP126_TOBGOM_COD.RDS","codWGOM","BT","SSP126",2045,7.52667459701159,7.42200996993543,0.10466462707616
"SSP126_TOBGOM_COD.RDS","codWGOM","BT","SSP126",2046,8.16209121535283,7.42200996993543,0.7400812454174
"SSP126_TOBGOM_COD.RDS","codWGOM","BT","SSP126",2047,7.73860382648729,7.42200996993543,0.316593856551859
"SSP126_TOBGOM_COD.RDS","codWGOM","BT","SSP126",2048,7.70500616908814,7.42200996993543,0.282996199152709
"SSP126_TOBGOM_COD.RDS","codWGOM","BT","SSP126",2049,8.79622970826878,7.42200996993543,1.37421973833335
"SSP126_TOBGOM_COD.RDS","codWGOM","BT","SSP126",2050,8.80194981246261,7.42200996993543,1.37993984252718
"SSP126_TOBGOM_COD.RDS","codWGOM","BT","SSP126",2051,8.5632548655042,7.42200996993543,1.14124489556877
"SSP126_TOBGOM_COD.RDS","codWGOM","BT","SSP126",2052,8.61594066664299,7.42200996993543,1.19393069670756
"SSP126_TOBGOM_COD.RDS","codWGOM","BT","SSP126",2053,8.68158510693852,7.42200996993543,1.25957513700309
"SSP126_TOBGOM_COD.RDS","codWGOM","BT","SSP126",2054,7.82296131708607,7.42200996993543,0.400951347150639
"SSP126_TOBGOM_COD.RDS","codWGOM","BT","SSP126",2055,8.55145645245262,7.42200996993543,1.12944648251719
"SSP126_TOBGOM_COD.RDS","codWGOM","BT","SSP126",2056,8.32481241448325,7.42200996993543,0.902802444547818
"SSP126_TOBGOM_COD.RDS","codWGOM","BT","SSP126",2057,9.39639295139668,7.42200996993543,1.97438298146125
"SSP126_TOBGOM_COD.RDS","codWGOM","BT","SSP126",2058,8.28897525731081,7.42200996993543,0.866965287375379
"SSP126_TOBGOM_COD.RDS","codWGOM","BT","SSP126",2059,8.98367814869614,7.42200996993543,1.56166817876071
"SSP126_TOBGOM_COD.RDS","codWGOM","BT","SSP126",2060,8.6204330773087,7.42200996993543,1.19842310737327
"SSP126_TOBGOM_COD.RDS","codWGOM","BT","SSP126",2061,8.2449508892083,7.42200996993543,0.822940919272868
"SSP126_TOBGOM_COD.RDS","codWGOM","BT","SSP126",2062,8.82042760671296,7.42200996993543,1.39841763677753
"SSP126_TOBGOM_COD.RDS","codWGOM","BT","SSP126",2063,8.95737732774723,7.42200996993543,1.5353673578118
"SSP126_TOBGOM_COD.RDS","codWGOM","BT","SSP126",2064,8.65204789075792,7.42200996993543,1.23003792082249
"SSP126_TOBGOM_COD.RDS","codWGOM","BT","SSP126",2065,8.36898125328633,7.42200996993543,0.9469712833509
"SSP126_TOBGOM_COD.RDS","codWGOM","BT","SSP126",2066,8.17307449927241,7.42200996993543,0.751064529336979
"SSP126_TOBGOM_COD.RDS","codWGOM","BT","SSP126",2067,8.39832067859839,7.42200996993543,0.976310708662959
"SSP126_TOBGOM_COD.RDS","codWGOM","BT","SSP126",2068,8.52848572449654,7.42200996993543,1.10647575456111
"SSP126_TOBGOM_COD.RDS","codWGOM","BT","SSP126",2069,9.19931931836265,7.42200996993543,1.77730934842722
"SSP126_TOBGOM_COD.RDS","codWGOM","BT","SSP126",2070,9.02842185882308,7.42200996993543,1.60641188888765
"SSP126_TOBGOM_COD.RDS","codWGOM","BT","SSP126",2071,8.95951451337115,7.42200996993543,1.53750454343572
"SSP126_TOBGOM_COD.RDS","codWGOM","BT","SSP126",2072,8.86417946163912,7.42200996993543,1.44216949170369
"SSP126_TOBGOM_COD.RDS","codWGOM","BT","SSP126",2073,9.22297599345261,7.42200996993543,1.80096602351718
"SSP126_TOBGOM_COD.RDS","codWGOM","BT","SSP126",2074,9.37340757950493,7.42200996993543,1.9513976095695
"SSP126_TOBGOM_COD.RDS","codWGOM","BT","SSP126",2075,8.89187206925813,7.42200996993543,1.4698620993227
"SSP126_TOBGOM_COD.RDS","codWGOM","BT","SSP126",2076,8.88543416387546,7.42200996993543,1.46342419394003
"SSP126_TOBGOM_COD.RDS","codWGOM","BT","SSP126",2077,9.67384603482596,7.42200996993543,2.25183606489053
"SSP126_TOBGOM_COD.RDS","codWGOM","BT","SSP126",2078,9.22760061477282,7.42200996993543,1.80559064483739
"SSP126_TOBGOM_COD.RDS","codWGOM","BT","SSP126",2079,9.27221051595226,7.42200996993543,1.85020054601683
"SSP126_TOBGOM_COD.RDS","codWGOM","BT","SSP126",2080,8.61304732479664,7.42200996993543,1.19103735486121
"SSP126_TOBGOM_COD.RDS","codWGOM","BT","SSP126",2081,8.69895021323092,7.42200996993543,1.27694024329549
"SSP126_TOBGOM_COD.RDS","codWGOM","BT","SSP126",2082,9.27781972115084,7.42200996993543,1.85580975121541
"SSP126_TOBGOM_COD.RDS","codWGOM","BT","SSP126",2083,9.03574294273898,7.42200996993543,1.61373297280355
"SSP126_TOBGOM_COD.RDS","codWGOM","BT","SSP126",2084,9.45775810872546,7.42200996993543,2.03574813879003
"SSP126_TOBGOM_COD.RDS","codWGOM","BT","SSP126",2085,8.70187948890354,7.42200996993543,1.27986951896811
"SSP126_TOBGOM_COD.RDS","codWGOM","BT","SSP126",2086,8.50179594851429,7.42200996993543,1.07978597857886
"SSP126_TOBGOM_COD.RDS","codWGOM","BT","SSP126",2087,8.65221845614984,7.42200996993543,1.23020848621441
"SSP126_TOBGOM_COD.RDS","codWGOM","BT","SSP126",2088,8.90187136638239,7.42200996993543,1.47986139644696
"SSP126_TOBGOM_COD.RDS","codWGOM","BT","SSP126",2089,8.58774035036194,7.42200996993543,1.16573038042651
"SSP126_TOBGOM_COD.RDS","codWGOM","BT","SSP126",2090,9.01959133473983,7.42200996993543,1.5975813648044
"SSP126_TOBGOM_COD.RDS","codWGOM","BT","SSP126",2091,8.71613537169391,7.42200996993543,1.29412540175848
"SSP126_TOBGOM_COD.RDS","codWGOM","BT","SSP126",2092,9.15578512567911,7.42200996993543,1.73377515574368
"SSP126_TOBGOM_COD.RDS","codWGOM","BT","SSP126",2093,9.46677717718278,7.42200996993543,2.04476720724735
"SSP126_TOBGOM_COD.RDS","codWGOM","BT","SSP126",2094,9.23477968295909,7.42200996993543,1.81276971302366
"SSP126_TOBGOM_COD.RDS","codWGOM","BT","SSP126",2095,8.5289469667103,7.42200996993543,1.10693699677487
"SSP126_TOBGOM_COD.RDS","codWGOM","BT","SSP126",2096,9.18491953189329,7.42200996993543,1.76290956195786
"SSP126_TOBGOM_COD.RDS","codWGOM","BT","SSP126",2097,9.45072859192487,7.42200996993543,2.02871862198944
"SSP126_TOBGOM_COD.RDS","codWGOM","BT","SSP126",2098,8.70575221769558,7.42200996993543,1.28374224776015
"SSP126_TOBGOM_COD.RDS","codWGOM","BT","SSP126",2099,8.61628274058703,7.42200996993543,1.1942727706516
"SSP126_TOBGOM_COD.RDS","codWGOM","BT","SSP126",2100,8.78898277860251,7.42200996993543,1.36697280866708
"SSP126_TOSGOM_COD.RDS","codWGOM","SST","SSP126",1970,10.1271270920771,11.4520739626922,-1.32494687061514
"SSP126_TOSGOM_COD.RDS","codWGOM","SST","SSP126",1971,11.1569541966693,11.4520739626922,-0.295119766022939
"SSP126_TOSGOM_COD.RDS","codWGOM","SST","SSP126",1972,12.0128723120837,11.4520739626922,0.560798349391462
"SSP126_TOSGOM_COD.RDS","codWGOM","SST","SSP126",1973,11.3589029626076,11.4520739626922,-0.0931710000846397
"SSP126_TOSGOM_COD.RDS","codWGOM","SST","SSP126",1974,10.5181520085897,11.4520739626922,-0.933921954102539
"SSP126_TOSGOM_COD.RDS","codWGOM","SST","SSP126",1975,11.8465367666683,11.4520739626922,0.394462803976062
"SSP126_TOSGOM_COD.RDS","codWGOM","SST","SSP126",1976,10.361550725617,11.4520739626922,-1.09052323707524
"SSP126_TOSGOM_COD.RDS","codWGOM","SST","SSP126",1977,10.2088967717212,11.4520739626922,-1.24317719097104
"SSP126_TOSGOM_COD.RDS","codWGOM","SST","SSP126",1978,10.3104463298869,11.4520739626922,-1.14162763280534
"SSP126_TOSGOM_COD.RDS","codWGOM","SST","SSP126",1979,9.9894578634582,11.4520739626922,-1.46261609923404
"SSP126_TOSGOM_COD.RDS","codWGOM","SST","SSP126",1980,11.0101945189956,11.4520739626922,-0.441879443696639
"SSP126_TOSGOM_COD.RDS","codWGOM","SST","SSP126",1981,11.1551299805967,11.4520739626922,-0.29694398209554
"SSP126_TOSGOM_COD.RDS","codWGOM","SST","SSP126",1982,10.7126052477345,11.4520739626922,-0.73946871495774
"SSP126_TOSGOM_COD.RDS","codWGOM","SST","SSP126",1983,10.8337361548998,11.4520739626922,-0.61833780779244
"SSP126_TOSGOM_COD.RDS","codWGOM","SST","SSP126",1984,10.859011516808,11.4520739626922,-0.59306244588424
"SSP126_TOSGOM_COD.RDS","codWGOM","SST","SSP126",1985,11.0807439048838,11.4520739626922,-0.371330057808439
"SSP126_TOSGOM_COD.RDS","codWGOM","SST","SSP126",1986,10.3254997001672,11.4520739626922,-1.12657426252504
"SSP126_TOSGOM_COD.RDS","codWGOM","SST","SSP126",1987,10.5681060275676,11.4520739626922,-0.883967935124639
"SSP126_TOSGOM_COD.RDS","codWGOM","SST","SSP126",1988,10.4529593879392,11.4520739626922,-0.999114574753039
"SSP126_TOSGOM_COD.RDS","codWGOM","SST","SSP126",1989,12.247239038811,11.4520739626922,0.79516507611876
"SSP126_TOSGOM_COD.RDS","codWGOM","SST","SSP126",1990,11.6827591398488,11.4520739626922,0.230685177156561
"SSP126_TOSGOM_COD.RDS","codWGOM","SST","SSP126",1991,12.193971212162,11.4520739626922,0.74189724946976
"SSP126_TOSGOM_COD.RDS","codWGOM","SST","SSP126",1992,11.2458909162083,11.4520739626922,-0.20618304648394
"SSP126_TOSGOM_COD.RDS","codWGOM","SST","SSP126",1993,10.6349426260646,11.4520739626922,-0.817131336627639
"SSP126_TOSGOM_COD.RDS","codWGOM","SST","SSP126",1994,11.2195040886447,11.4520739626922,-0.23256987404754
"SSP126_TOSGOM_COD.RDS","codWGOM","SST","SSP126",1995,11.8825430461339,11.4520739626922,0.430469083441661
"SSP126_TOSGOM_COD.RDS","codWGOM","SST","SSP126",1996,11.6956203768712,11.4520739626922,0.243546414178962
"SSP126_TOSGOM_COD.RDS","codWGOM","SST","SSP126",1997,10.9629532953227,11.4520739626922,-0.489120667369539
"SSP126_TOSGOM_COD.RDS","codWGOM","SST","SSP126",1998,11.0735921166698,11.4520739626922,-0.378481846022439
"SSP126_TOSGOM_COD.RDS","codWGOM","SST","SSP126",1999,11.1714122535279,11.4520739626922,-0.28066170916434
"SSP126_TOSGOM_COD.RDS","codWGOM","SST","SSP126",2000,10.2826917962258,11.4520739626922,-1.16938216646644
"SSP126_TOSGOM_COD.RDS","codWGOM","SST","SSP126",2001,11.0517046857324,11.4520739626922,-0.400369276959839
"SSP126_TOSGOM_COD.RDS","codWGOM","SST","SSP126",2002,11.5355566830369,11.4520739626922,0.0834827203446604
"SSP126_TOSGOM_COD.RDS","codWGOM","SST","SSP126",2003,9.94171341309636,11.4520739626922,-1.51036054959588
"SSP126_TOSGOM_COD.RDS","codWGOM","SST","SSP126",2004,10.8036610049491,11.4520739626922,-0.648412957743139
"SSP126_TOSGOM_COD.RDS","codWGOM","SST","SSP126",2005,10.8708663185191,11.4520739626922,-0.581207644173139
"SSP126_TOSGOM_COD.RDS","codWGOM","SST","SSP126",2006,11.7967167303429,11.4520739626922,0.344642767650662
"SSP126_TOSGOM_COD.RDS","codWGOM","SST","SSP126",2007,11.0064713107873,11.4520739626922,-0.44560265190494
"SSP126_TOSGOM_COD.RDS","codWGOM","SST","SSP126",2008,12.1626781676867,11.4520739626922,0.710604204994461
"SSP126_TOSGOM_COD.RDS","codWGOM","SST","SSP126",2009,11.8436031294165,11.4520739626922,0.391529166724261
"SSP126_TOSGOM_COD.RDS","codWGOM","SST","SSP126",2010,11.2867336015524,11.4520739626922,-0.165340361139839
"SSP126_TOSGOM_COD.RDS","codWGOM","SST","SSP126",2011,11.6894637374404,11.4520739626922,0.237389774748161
"SSP126_TOSGOM_COD.RDS","codWGOM","SST","SSP126",2012,10.7295869868735,11.4520739626922,-0.72248697581874
"SSP126_TOSGOM_COD.RDS","codWGOM","SST","SSP126",2013,11.7566577532277,11.4520739626922,0.30458379053546
"SSP126_TOSGOM_COD.RDS","codWGOM","SST","SSP126",2014,10.8369781488217,11.4520739626922,-0.615095813870539
"SSP126_TOSGOM_COD.RDS","codWGOM","SST","SSP126",2015,11.7753331593105,11.4520739626922,0.323259196618261
"SSP126_TOSGOM_COD.RDS","codWGOM","SST","SSP126",2016,11.6858440775309,11.4520739626922,0.233770114838661
"SSP126_TOSGOM_COD.RDS","codWGOM","SST","SSP126",2017,12.7947483820945,11.4520739626922,1.34267441940226
"SSP126_TOSGOM_COD.RDS","codWGOM","SST","SSP126",2018,13.3012854759738,11.4520739626922,1.84921151328156
"SSP126_TOSGOM_COD.RDS","codWGOM","SST","SSP126",2019,12.4306154594658,11.4520739626922,0.978541496773561
"SSP126_TOSGOM_COD.RDS","codWGOM","SST","SSP126",2020,12.3339811514623,11.4520739626922,0.881907188770061
"SSP126_TOSGOM_COD.RDS","codWGOM","SST","SSP126",2021,12.6754593274608,11.4520739626922,1.22338536476856
"SSP126_TOSGOM_COD.RDS","codWGOM","SST","SSP126",2022,13.1817980191722,11.4520739626922,1.72972405647996
"SSP126_TOSGOM_COD.RDS","codWGOM","SST","SSP126",2023,12.666811844725,11.4520739626922,1.21473788203276
"SSP126_TOSGOM_COD.RDS","codWGOM","SST","SSP126",2024,12.7984485845388,11.4520739626922,1.34637462184656
"SSP126_TOSGOM_COD.RDS","codWGOM","SST","SSP126",2025,12.1199167150888,11.4520739626922,0.667842752396561
"SSP126_TOSGOM_COD.RDS","codWGOM","SST","SSP126",2026,12.106351418821,11.4520739626922,0.65427745612876
"SSP126_TOSGOM_COD.RDS","codWGOM","SST","SSP126",2027,11.9287936210632,11.4520739626922,0.476719658370961
"SSP126_TOSGOM_COD.RDS","codWGOM","SST","SSP126",2028,12.421038366993,11.4520739626922,0.968964404300761
"SSP126_TOSGOM_COD.RDS","codWGOM","SST","SSP126",2029,12.8347140584673,11.4520739626922,1.38264009577506
"SSP126_TOSGOM_COD.RDS","codWGOM","SST","SSP126",2030,12.5264269384538,11.4520739626922,1.07435297576156
"SSP126_TOSGOM_COD.RDS","codWGOM","SST","SSP126",2031,12.9619060883611,11.4520739626922,1.50983212566886
"SSP126_TOSGOM_COD.RDS","codWGOM","SST","SSP126",2032,12.3513242970342,11.4520739626922,0.899250334341961
"SSP126_TOSGOM_COD.RDS","codWGOM","SST","SSP126",2033,12.3793658493468,11.4520739626922,0.927291886654562
"SSP126_TOSGOM_COD.RDS","codWGOM","SST","SSP126",2034,12.7515424781705,11.4520739626922,1.29946851547826
"SSP126_TOSGOM_COD.RDS","codWGOM","SST","SSP126",2035,12.6835588692138,11.4520739626922,1.23148490652156
"SSP126_TOSGOM_COD.RDS","codWGOM","SST","SSP126",2036,12.4734502188167,11.4520739626922,1.02137625612446
"SSP126_TOSGOM_COD.RDS","codWGOM","SST","SSP126",2037,11.7335418730789,11.4520739626922,0.281467910386661
"SSP126_TOSGOM_COD.RDS","codWGOM","SST","SSP126",2038,12.495819060995,11.4520739626922,1.04374509830276
"SSP126_TOSGOM_COD.RDS","codWGOM","SST","SSP126",2039,12.5618469646999,11.4520739626922,1.10977300200766
"SSP126_TOSGOM_COD.RDS","codWGOM","SST","SSP126",2040,12.4427654894242,11.4520739626922,0.990691526731961
"SSP126_TOSGOM_COD.RDS","codWGOM","SST","SSP126",2041,12.793537992276,11.4520739626922,1.34146402958376
"SSP126_TOSGOM_COD.RDS","codWGOM","SST","SSP126",2042,13.1797618386168,11.4520739626922,1.72768787592456
"SSP126_TOSGOM_COD.RDS","codWGOM","SST","SSP126",2043,13.4913149276876,11.4520739626922,2.03924096499536
"SSP126_TOSGOM_COD.RDS","codWGOM","SST","SSP126",2044,13.1280638955395,11.4520739626922,1.67598993284726
"SSP126_TOSGOM_COD.RDS","codWGOM","SST","SSP126",2045,12.3253546371223,11.4520739626922,0.873280674430061
"SSP126_TOSGOM_COD.RDS","codWGOM","SST","SSP126",2046,12.6554257843065,11.4520739626922,1.20335182161426
"SSP126_TOSGOM_COD.RDS","codWGOM","SST","SSP126",2047,12.5262795780016,11.4520739626922,1.07420561530936
"SSP126_TOSGOM_COD.RDS","codWGOM","SST","SSP126",2048,12.5702566164621,11.4520739626922,1.11818265376986
"SSP126_TOSGOM_COD.RDS","codWGOM","SST","SSP126",2049,13.6300750584336,11.4520739626922,2.17800109574136
"SSP126_TOSGOM_COD.RDS","codWGOM","SST","SSP126",2050,13.3398068570202,11.4520739626922,1.88773289432796
"SSP126_TOSGOM_COD.RDS","codWGOM","SST","SSP126",2051,12.7958811884341,11.4520739626922,1.34380722574186
"SSP126_TOSGOM_COD.RDS","codWGOM","SST","SSP126",2052,12.6314006722492,11.4520739626922,1.17932670955696
"SSP126_TOSGOM_COD.RDS","codWGOM","SST","SSP126",2053,12.5948677157763,11.4520739626922,1.14279375308406
"SSP126_TOSGOM_COD.RDS","codWGOM","SST","SSP126",2054,12.5630755768059,11.4520739626922,1.11100161411366
"SSP126_TOSGOM_COD.RDS","codWGOM","SST","SSP126",2055,13.0733368559654,11.4520739626922,1.62126289327316
"SSP126_TOSGOM_COD.RDS","codWGOM","SST","SSP126",2056,13.0818391568912,11.4520739626922,1.62976519419896
"SSP126_TOSGOM_COD.RDS","codWGOM","SST","SSP126",2057,13.7959678845376,11.4520739626922,2.34389392184536
"SSP126_TOSGOM_COD.RDS","codWGOM","SST","SSP126",2058,13.001057970746,11.4520739626922,1.54898400805376
"SSP126_TOSGOM_COD.RDS","codWGOM","SST","SSP126",2059,13.0012711353184,11.4520739626922,1.54919717262616
"SSP126_TOSGOM_COD.RDS","codWGOM","SST","SSP126",2060,12.7779189512596,11.4520739626922,1.32584498856736
"SSP126_TOSGOM_COD.RDS","codWGOM","SST","SSP126",2061,12.9601143138009,11.4520739626922,1.50804035110866
"SSP126_TOSGOM_COD.RDS","codWGOM","SST","SSP126",2062,12.8021036195459,11.4520739626922,1.35002965685366
"SSP126_TOSGOM_COD.RDS","codWGOM","SST","SSP126",2063,13.6941033991227,11.4520739626922,2.24202943643046
"SSP126_TOSGOM_COD.RDS","codWGOM","SST","SSP126",2064,13.2435660332626,11.4520739626922,1.79149207057036
"SSP126_TOSGOM_COD.RDS","codWGOM","SST","SSP126",2065,13.2371134882388,11.4520739626922,1.78503952554656
"SSP126_TOSGOM_COD.RDS","codWGOM","SST","SSP126",2066,12.938260752518,11.4520739626922,1.48618678982576
"SSP126_TOSGOM_COD.RDS","codWGOM","SST","SSP126",2067,12.5752077706852,11.4520739626922,1.12313380799296
"SSP126_TOSGOM_COD.RDS","codWGOM","SST","SSP126",2068,12.9938818060833,11.4520739626922,1.54180784339106
"SSP126_TOSGOM_COD.RDS","codWGOM","SST","SSP126",2069,13.5080588636931,11.4520739626922,2.05598490100086
"SSP126_TOSGOM_COD.RDS","codWGOM","SST","SSP126",2070,13.768746309695,11.4520739626922,2.31667234700276
"SSP126_TOSGOM_COD.RDS","codWGOM","SST","SSP126",2071,13.233135547401,11.4520739626922,1.78106158470876
"SSP126_TOSGOM_COD.RDS","codWGOM","SST","SSP126",2072,13.5841198275548,11.4520739626922,2.13204586486256
"SSP126_TOSGOM_COD.RDS","codWGOM","SST","SSP126",2073,13.1222977235451,11.4520739626922,1.67022376085286
"SSP126_TOSGOM_COD.RDS","codWGOM","SST","SSP126",2074,13.2072050917963,11.4520739626922,1.75513112910406
"SSP126_TOSGOM_COD.RDS","codWGOM","SST","SSP126",2075,13.6480611872229,11.4520739626922,2.19598722453066
"SSP126_TOSGOM_COD.RDS","codWGOM","SST","SSP126",2076,13.6739761838261,11.4520739626922,2.22190222113386
"SSP126_TOSGOM_COD.RDS","codWGOM","SST","SSP126",2077,13.6449227966877,11.4520739626922,2.19284883399546
"SSP126_TOSGOM_COD.RDS","codWGOM","SST","SSP126",2078,13.1782853067291,11.4520739626922,1.72621134403686
"SSP126_TOSGOM_COD.RDS","codWGOM","SST","SSP126",2079,13.003707679014,11.4520739626922,1.55163371632176
"SSP126_TOSGOM_COD.RDS","codWGOM","SST","SSP126",2080,13.0311817210654,11.4520739626922,1.57910775837316
"SSP126_TOSGOM_COD.RDS","codWGOM","SST","SSP126",2081,12.0016518006414,11.4520739626922,0.54957783794916
"SSP126_TOSGOM_COD.RDS","codWGOM","SST","SSP126",2082,12.7666873499473,11.4520739626922,1.31461338725506
"SSP126_TOSGOM_COD.RDS","codWGOM","SST","SSP126",2083,12.8249550967483,11.4520739626922,1.37288113405606
"SSP126_TOSGOM_COD.RDS","codWGOM","SST","SSP126",2084,12.7589111037876,11.4520739626922,1.30683714109536
"SSP126_TOSGOM_COD.RDS","codWGOM","SST","SSP126",2085,12.9306461162449,11.4520739626922,1.47857215355266
"SSP126_TOSGOM_COD.RDS","codWGOM","SST","SSP126",2086,12.3275209160325,11.4520739626922,0.87544695334026
"SSP126_TOSGOM_COD.RDS","codWGOM","SST","SSP126",2087,12.3411398662543,11.4520739626922,0.889065903562061
"SSP126_TOSGOM_COD.RDS","codWGOM","SST","SSP126",2088,13.2500520048675,11.4520739626922,1.79797804217526
"SSP126_TOSGOM_COD.RDS","codWGOM","SST","SSP126",2089,12.9473682208091,11.4520739626922,1.49529425811686
"SSP126_TOSGOM_COD.RDS","codWGOM","SST","SSP126",2090,12.5470637078611,11.4520739626922,1.09498974516886
"SSP126_TOSGOM_COD.RDS","codWGOM","SST","SSP126",2091,12.0918315336571,11.4520739626922,0.639757570964861
"SSP126_TOSGOM_COD.RDS","codWGOM","SST","SSP126",2092,12.2977905699925,11.4520739626922,0.845716607300261
"SSP126_TOSGOM_COD.RDS","codWGOM","SST","SSP126",2093,13.2781515992206,11.4520739626922,1.82607763652836
"SSP126_TOSGOM_COD.RDS","codWGOM","SST","SSP126",2094,12.7857092063619,11.4520739626922,1.33363524366966
"SSP126_TOSGOM_COD.RDS","codWGOM","SST","SSP126",2095,12.9215016939625,11.4520739626922,1.46942773127026
"SSP126_TOSGOM_COD.RDS","codWGOM","SST","SSP126",2096,13.0361014229911,11.4520739626922,1.58402746029886
"SSP126_TOSGOM_COD.RDS","codWGOM","SST","SSP126",2097,13.4223041261945,11.4520739626922,1.97023016350226
"SSP126_TOSGOM_COD.RDS","codWGOM","SST","SSP126",2098,12.2212469871,11.4520739626922,0.769173024407761
"SSP126_TOSGOM_COD.RDS","codWGOM","SST","SSP126",2099,12.2930601990741,11.4520739626922,0.840986236381861
"SSP126_TOSGOM_COD.RDS","codWGOM","SST","SSP126",2100,12.4863448320709,11.4520739626922,1.03427086937866
"SSP245_TOBGOM_COD.RDS","codWGOM","BT","SSP245",1970,6.8807431437214,7.37715296199792,-0.496409818276525
"SSP245_TOBGOM_COD.RDS","codWGOM","BT","SSP245",1971,7.48500002111707,7.37715296199792,0.107847059119146
"SSP245_TOBGOM_COD.RDS","codWGOM","BT","SSP245",1972,7.7119314667601,7.37715296199792,0.334778504762175
"SSP245_TOBGOM_COD.RDS","codWGOM","BT","SSP245",1973,7.28629910857041,7.37715296199792,-0.0908538534275145
"SSP245_TOBGOM_COD.RDS","codWGOM","BT","SSP245",1974,7.21551593327374,7.37715296199792,-0.161637028724185
"SSP245_TOBGOM_COD.RDS","codWGOM","BT","SSP245",1975,7.38647424449091,7.37715296199792,0.00932128249298536
"SSP245_TOBGOM_COD.RDS","codWGOM","BT","SSP245",1976,6.87599188230053,7.37715296199792,-0.501161079697394
"SSP245_TOBGOM_COD.RDS","codWGOM","BT","SSP245",1977,6.37920224903533,7.37715296199792,-0.997950712962594
"SSP245_TOBGOM_COD.RDS","codWGOM","BT","SSP245",1978,5.88286611915375,7.37715296199792,-1.49428684284417
"SSP245_TOBGOM_COD.RDS","codWGOM","BT","SSP245",1979,6.43114310569645,7.37715296199792,-0.946009856301474
"SSP245_TOBGOM_COD.RDS","codWGOM","BT","SSP245",1980,7.00518804929271,7.37715296199792,-0.371964912705215
"SSP245_TOBGOM_COD.RDS","codWGOM","BT","SSP245",1981,7.01408233657387,7.37715296199792,-0.363070625424054
"SSP245_TOBGOM_COD.RDS","codWGOM","BT","SSP245",1982,7.2377893745529,7.37715296199792,-0.139363587445025
"SSP245_TOBGOM_COD.RDS","codWGOM","BT","SSP245",1983,7.23252605088749,7.37715296199792,-0.144626911110435
"SSP245_TOBGOM_COD.RDS","codWGOM","BT","SSP245",1984,7.24630388798921,7.37715296199792,-0.130849074008714
"SSP245_TOBGOM_COD.RDS","codWGOM","BT","SSP245",1985,7.51652069921079,7.37715296199792,0.139367737212865
"SSP245_TOBGOM_COD.RDS","codWGOM","BT","SSP245",1986,7.4462135871745,7.37715296199792,0.0690606251765757
"SSP245_TOBGOM_COD.RDS","codWGOM","BT","SSP245",1987,7.42374361968189,7.37715296199792,0.0465906576839652
"SSP245_TOBGOM_COD.RDS","codWGOM","BT","SSP245",1988,7.1668852724644,7.37715296199792,-0.210267689533524
"SSP245_TOBGOM_COD.RDS","codWGOM","BT","SSP245",1989,7.81247882694931,7.37715296199792,0.435325864951386
"SSP245_TOBGOM_COD.RDS","codWGOM","BT","SSP245",1990,7.70873673687811,7.37715296199792,0.331583774880185
"SSP245_TOBGOM_COD.RDS","codWGOM","BT","SSP245",1991,7.61673549954195,7.37715296199792,0.239582537544026
"SSP245_TOBGOM_COD.RDS","codWGOM","BT","SSP245",1992,7.32742581648856,7.37715296199792,-0.0497271455093644
"SSP245_TOBGOM_COD.RDS","codWGOM","BT","SSP245",1993,6.87963804635942,7.37715296199792,-0.497514915638504
"SSP245_TOBGOM_COD.RDS","codWGOM","BT","SSP245",1994,7.21275304889087,7.37715296199792,-0.164399913107054
"SSP245_TOBGOM_COD.RDS","codWGOM","BT","SSP245",1995,6.94753779891115,7.37715296199792,-0.429615163086774
"SSP245_TOBGOM_COD.RDS","codWGOM","BT","SSP245",1996,6.85194439325273,7.37715296199792,-0.525208568745194
"SSP245_TOBGOM_COD.RDS","codWGOM","BT","SSP245",1997,7.12702941080058,7.37715296199792,-0.250123551197345
"SSP245_TOBGOM_COD.RDS","codWGOM","BT","SSP245",1998,7.08653400299712,7.37715296199792,-0.290618959000804
"SSP245_TOBGOM_COD.RDS","codWGOM","BT","SSP245",1999,7.0361829123882,7.37715296199792,-0.340970049609725
"SSP245_TOBGOM_COD.RDS","codWGOM","BT","SSP245",2000,6.67329094869009,7.37715296199792,-0.703862013307835
"SSP245_TOBGOM_COD.RDS","codWGOM","BT","SSP245",2001,6.55263761244946,7.37715296199792,-0.824515349548465
"SSP245_TOBGOM_COD.RDS","codWGOM","BT","SSP245",2002,6.75270843342965,7.37715296199792,-0.624444528568275
"SSP245_TOBGOM_COD.RDS","codWGOM","BT","SSP245",2003,6.20370204493126,7.37715296199792,-1.17345091706666
"SSP245_TOBGOM_COD.RDS","codWGOM","BT","SSP245",2004,6.57435168523966,7.37715296199792,-0.802801276758265
"SSP245_TOBGOM_COD.RDS","codWGOM","BT","SSP245",2005,6.71643208465221,7.37715296199792,-0.660720877345715
"SSP245_TOBGOM_COD.RDS","codWGOM","BT","SSP245",2006,7.28976266902426,7.37715296199792,-0.087390292973665
"SSP245_TOBGOM_COD.RDS","codWGOM","BT","SSP245",2007,7.07942097083382,7.37715296199792,-0.297731991164104
"SSP245_TOBGOM_COD.RDS","codWGOM","BT","SSP245",2008,7.3459554131727,7.37715296199792,-0.031197548825225
"SSP245_TOBGOM_COD.RDS","codWGOM","BT","SSP245",2009,7.78531463501616,7.37715296199792,0.408161673018236
"SSP245_TOBGOM_COD.RDS","codWGOM","BT","SSP245",2010,7.35920221035525,7.37715296199792,-0.0179507516426742
"SSP245_TOBGOM_COD.RDS","codWGOM","BT","SSP245",2011,7.40734454548877,7.37715296199792,0.0301915834908453
"SSP245_TOBGOM_COD.RDS","codWGOM","BT","SSP245",2012,7.11067236151014,7.37715296199792,-0.266480600487784
"SSP245_TOBGOM_COD.RDS","codWGOM","BT","SSP245",2013,7.3671278010244,7.37715296199792,-0.0100251609735249
"SSP245_TOBGOM_COD.RDS","codWGOM","BT","SSP245",2014,7.32199495964169,7.37715296199792,-0.0551580023562348
"SSP245_TOBGOM_COD.RDS","codWGOM","BT","SSP245",2015,7.37173122663676,7.37715296199792,-0.00542173536116497
"SSP245_TOBGOM_COD.RDS","codWGOM","BT","SSP245",2016,8.14468159216531,7.37715296199792,0.767528630167386
"SSP245_TOBGOM_COD.RDS","codWGOM","BT","SSP245",2017,8.03269356141179,7.37715296199792,0.655540599413865
"SSP245_TOBGOM_COD.RDS","codWGOM","BT","SSP245",2018,8.1357196609426,7.37715296199792,0.758566698944676
"SSP245_TOBGOM_COD.RDS","codWGOM","BT","SSP245",2019,8.74432688248083,7.37715296199792,1.36717392048291
"SSP245_TOBGOM_COD.RDS","codWGOM","BT","SSP245",2020,8.64599000459872,7.37715296199792,1.2688370426008
"SSP245_TOBGOM_COD.RDS","codWGOM","BT","SSP245",2021,7.92621778805063,7.37715296199792,0.549064826052706
"SSP245_TOBGOM_COD.RDS","codWGOM","BT","SSP245",2022,9.20294788875935,7.37715296199792,1.82579492676143
"SSP245_TOBGOM_COD.RDS","codWGOM","BT","SSP245",2023,7.58228906341221,7.37715296199792,0.205136101414285
"SSP245_TOBGOM_COD.RDS","codWGOM","BT","SSP245",2024,7.93559451073593,7.37715296199792,0.558441548738005
"SSP245_TOBGOM_COD.RDS","codWGOM","BT","SSP245",2025,8.1590642739527,7.37715296199792,0.781911311954775
"SSP245_TOBGOM_COD.RDS","codWGOM","BT","SSP245",2026,8.63780988536266,7.37715296199792,1.26065692336474
"SSP245_TOBGOM_COD.RDS","codWGOM","BT","SSP245",2027,8.45082302537764,7.37715296199792,1.07367006337971
"SSP245_TOBGOM_COD.RDS","codWGOM","BT","SSP245",2028,8.40312480526681,7.37715296199792,1.02597184326889
"SSP245_TOBGOM_COD.RDS","codWGOM","BT","SSP245",2029,8.32551722082292,7.37715296199792,0.948364258824996
"SSP245_TOBGOM_COD.RDS","codWGOM","BT","SSP245",2030,7.28580618659902,7.37715296199792,-0.0913467753989048
"SSP245_TOBGOM_COD.RDS","codWGOM","BT","SSP245",2031,7.46550240561088,7.37715296199792,0.0883494436129553
"SSP245_TOBGOM_COD.RDS","codWGOM","BT","SSP245",2032,8.18737302833462,7.37715296199792,0.810220066336696
"SSP245_TOBGOM_COD.RDS","codWGOM","BT","SSP245",2033,7.85841548191094,7.37715296199792,0.481262519913016
"SSP245_TOBGOM_COD.RDS","codWGOM","BT","SSP245",2034,7.8023572815131,7.37715296199792,0.425204319515175
"SSP245_TOBGOM_COD.RDS","codWGOM","BT","SSP245",2035,7.71455851593373,7.37715296199792,0.337405553935805
"SSP245_TOBGOM_COD.RDS","codWGOM","BT","SSP245",2036,7.98872679434948,7.37715296199792,0.611573832351556
"SSP245_TOBGOM_COD.RDS","codWGOM","BT","SSP245",2037,8.81247560578103,7.37715296199792,1.43532264378311
"SSP245_TOBGOM_COD.RDS","codWGOM","BT","SSP245",2038,8.33122723369124,7.37715296199792,0.954074271693316
"SSP245_TOBGOM_COD.RDS","codWGOM","BT","SSP245",2039,8.72023615555734,7.37715296199792,1.34308319355941
"SSP245_TOBGOM_COD.RDS","codWGOM","BT","SSP245",2040,8.36841649712983,7.37715296199792,0.991263535131906
"SSP245_TOBGOM_COD.RDS","codWGOM","BT","SSP245",2041,8.05507046806146,7.37715296199792,0.677917506063536
"SSP245_TOBGOM_COD.RDS","codWGOM","BT","SSP245",2042,8.53695931064416,7.37715296199792,1.15980634864624
"SSP245_TOBGOM_COD.RDS","codWGOM","BT","SSP245",2043,8.44607090861161,7.37715296199792,1.06891794661369
"SSP245_TOBGOM_COD.RDS","codWGOM","BT","SSP245",2044,8.82628636700766,7.37715296199792,1.44913340500973
"SSP245_TOBGOM_COD.RDS","codWGOM","BT","SSP245",2045,8.49834507385396,7.37715296199792,1.12119211185604
"SSP245_TOBGOM_COD.RDS","codWGOM","BT","SSP245",2046,8.07884810074516,7.37715296199792,0.701695138747236
"SSP245_TOBGOM_COD.RDS","codWGOM","BT","SSP245",2047,9.25200715287132,7.37715296199792,1.8748541908734
"SSP245_TOBGOM_COD.RDS","codWGOM","BT","SSP245",2048,9.00627600746866,7.37715296199792,1.62912304547074
"SSP245_TOBGOM_COD.RDS","codWGOM","BT","SSP245",2049,9.24041279754283,7.37715296199792,1.8632598355449
"SSP245_TOBGOM_COD.RDS","codWGOM","BT","SSP245",2050,8.4939604698501,7.37715296199792,1.11680750785218
"SSP245_TOBGOM_COD.RDS","codWGOM","BT","SSP245",2051,7.99025326174979,7.37715296199792,0.613100299751865
"SSP245_TOBGOM_COD.RDS","codWGOM","BT","SSP245",2052,9.00834860298204,7.37715296199792,1.63119564098411
"SSP245_TOBGOM_COD.RDS","codWGOM","BT","SSP245",2053,9.01819001991556,7.37715296199792,1.64103705791763
"SSP245_TOBGOM_COD.RDS","codWGOM","BT","SSP245",2054,8.87274324568162,7.37715296199792,1.4955902836837
"SSP245_TOBGOM_COD.RDS","codWGOM","BT","SSP245",2055,8.72472261138584,7.37715296199792,1.34756964938792
"SSP245_TOBGOM_COD.RDS","codWGOM","BT","SSP245",2056,9.01677341194627,7.37715296199792,1.63962044994835
"SSP245_TOBGOM_COD.RDS","codWGOM","BT","SSP245",2057,9.88794528431034,7.37715296199792,2.51079232231242
"SSP245_TOBGOM_COD.RDS","codWGOM","BT","SSP245",2058,8.92024796468131,7.37715296199792,1.54309500268339
"SSP245_TOBGOM_COD.RDS","codWGOM","BT","SSP245",2059,8.68789369141833,7.37715296199792,1.3107407294204
"SSP245_TOBGOM_COD.RDS","codWGOM","BT","SSP245",2060,8.88256651925744,7.37715296199792,1.50541355725951
"SSP245_TOBGOM_COD.RDS","codWGOM","BT","SSP245",2061,8.9721732515726,7.37715296199792,1.59502028957468
"SSP245_TOBGOM_COD.RDS","codWGOM","BT","SSP245",2062,8.46676165420816,7.37715296199792,1.08960869221024
"SSP245_TOBGOM_COD.RDS","codWGOM","BT","SSP245",2063,8.72596699258555,7.37715296199792,1.34881403058762
"SSP245_TOBGOM_COD.RDS","codWGOM","BT","SSP245",2064,8.99370858728515,7.37715296199792,1.61655562528723
"SSP245_TOBGOM_COD.RDS","codWGOM","BT","SSP245",2065,9.3865449974996,7.37715296199792,2.00939203550168
"SSP245_TOBGOM_COD.RDS","codWGOM","BT","SSP245",2066,9.11460964294694,7.37715296199792,1.73745668094902
"SSP245_TOBGOM_COD.RDS","codWGOM","BT","SSP245",2067,8.9427153228973,7.37715296199792,1.56556236089938
"SSP245_TOBGOM_COD.RDS","codWGOM","BT","SSP245",2068,8.22361254218202,7.37715296199792,0.846459580184095
"SSP245_TOBGOM_COD.RDS","codWGOM","BT","SSP245",2069,8.04874930174454,7.37715296199792,0.671596339746615
"SSP245_TOBGOM_COD.RDS","codWGOM","BT","SSP245",2070,8.4291594410535,7.37715296199792,1.05200647905558
"SSP245_TOBGOM_COD.RDS","codWGOM","BT","SSP245",2071,8.86970163028433,7.37715296199792,1.49254866828641
"SSP245_TOBGOM_COD.RDS","codWGOM","BT","SSP245",2072,8.78256064853313,7.37715296199792,1.4054076865352
"SSP245_TOBGOM_COD.RDS","codWGOM","BT","SSP245",2073,9.60187408539079,7.37715296199792,2.22472112339287
"SSP245_TOBGOM_COD.RDS","codWGOM","BT","SSP245",2074,9.09482664306712,7.37715296199792,1.7176736810692
"SSP245_TOBGOM_COD.RDS","codWGOM","BT","SSP245",2075,9.43753716175601,7.37715296199792,2.06038419975809
"SSP245_TOBGOM_COD.RDS","codWGOM","BT","SSP245",2076,10.0710605414017,7.37715296199792,2.69390757940378
"SSP245_TOBGOM_COD.RDS","codWGOM","BT","SSP245",2077,10.2880326656081,7.37715296199792,2.91087970361018
"SSP245_TOBGOM_COD.RDS","codWGOM","BT","SSP245",2078,9.94482225024182,7.37715296199792,2.5676692882439
"SSP245_TOBGOM_COD.RDS","codWGOM","BT","SSP245",2079,9.40498929201446,7.37715296199792,2.02783633001653
"SSP245_TOBGOM_COD.RDS","codWGOM","BT","SSP245",2080,9.48821944301913,7.37715296199792,2.11106648102121
"SSP245_TOBGOM_COD.RDS","codWGOM","BT","SSP245",2081,10.2671180612552,7.37715296199792,2.88996509925728
"SSP245_TOBGOM_COD.RDS","codWGOM","BT","SSP245",2082,9.55733466888807,7.37715296199792,2.18018170689014
"SSP245_TOBGOM_COD.RDS","codWGOM","BT","SSP245",2083,9.68080774952906,7.37715296199792,2.30365478753114
"SSP245_TOBGOM_COD.RDS","codWGOM","BT","SSP245",2084,9.63661452642879,7.37715296199792,2.25946156443087
"SSP245_TOBGOM_COD.RDS","codWGOM","BT","SSP245",2085,9.06271743093218,7.37715296199792,1.68556446893426
"SSP245_TOBGOM_COD.RDS","codWGOM","BT","SSP245",2086,9.82512452424683,7.37715296199792,2.44797156224891
"SSP245_TOBGOM_COD.RDS","codWGOM","BT","SSP245",2087,9.73528497115425,7.37715296199792,2.35813200915633
"SSP245_TOBGOM_COD.RDS","codWGOM","BT","SSP245",2088,9.86510758059365,7.37715296199792,2.48795461859573
"SSP245_TOBGOM_COD.RDS","codWGOM","BT","SSP245",2089,9.59964057051617,7.37715296199792,2.22248760851825
"SSP245_TOBGOM_COD.RDS","codWGOM","BT","SSP245",2090,9.64506366874861,7.37715296199792,2.26791070675069
"SSP245_TOBGOM_COD.RDS","codWGOM","BT","SSP245",2091,10.1703037880963,7.37715296199792,2.79315082609838
"SSP245_TOBGOM_COD.RDS","codWGOM","BT","SSP245",2092,10.0135709239829,7.37715296199792,2.63641796198498
"SSP245_TOBGOM_COD.RDS","codWGOM","BT","SSP245",2093,9.91657881351732,7.37715296199792,2.5394258515194
"SSP245_TOBGOM_COD.RDS","codWGOM","BT","SSP245",2094,9.70179693121347,7.37715296199792,2.32464396921555
"SSP245_TOBGOM_COD.RDS","codWGOM","BT","SSP245",2095,10.5014959436026,7.37715296199792,3.12434298160468
"SSP245_TOBGOM_COD.RDS","codWGOM","BT","SSP245",2096,9.97581727341836,7.37715296199792,2.59866431142043
"SSP245_TOBGOM_COD.RDS","codWGOM","BT","SSP245",2097,10.3542209218007,7.37715296199792,2.97706795980277
"SSP245_TOBGOM_COD.RDS","codWGOM","BT","SSP245",2098,11.0131659002778,7.37715296199792,3.63601293827988
"SSP245_TOBGOM_COD.RDS","codWGOM","BT","SSP245",2099,10.1285907927507,7.37715296199792,2.75143783075278
"SSP245_TOBGOM_COD.RDS","codWGOM","BT","SSP245",2100,9.99085852092838,7.37715296199792,2.61370555893046
"SSP245_TOSGOM_COD.RDS","codWGOM","SST","SSP245",1970,10.1299155954989,11.3591740701337,-1.22925847463484
"SSP245_TOSGOM_COD.RDS","codWGOM","SST","SSP245",1971,10.9793668273073,11.3591740701337,-0.379807242826438
"SSP245_TOSGOM_COD.RDS","codWGOM","SST","SSP245",1972,11.6697433193278,11.3591740701337,0.310569249194062
"SSP245_TOSGOM_COD.RDS","codWGOM","SST","SSP245",1973,10.8890838827406,11.3591740701337,-0.470090187393138
"SSP245_TOSGOM_COD.RDS","codWGOM","SST","SSP245",1974,10.8030425000635,11.3591740701337,-0.556131570070239
"SSP245_TOSGOM_COD.RDS","codWGOM","SST","SSP245",1975,11.7107245474869,11.3591740701337,0.351550477353161
"SSP245_TOSGOM_COD.RDS","codWGOM","SST","SSP245",1976,9.90693406673692,11.3591740701337,-1.45224000339682
"SSP245_TOSGOM_COD.RDS","codWGOM","SST","SSP245",1977,9.87776195395807,11.3591740701337,-1.48141211617567
"SSP245_TOSGOM_COD.RDS","codWGOM","SST","SSP245",1978,9.89828280158665,11.3591740701337,-1.46089126854709
"SSP245_TOSGOM_COD.RDS","codWGOM","SST","SSP245",1979,10.4076325620924,11.3591740701337,-0.951541508041338
"SSP245_TOSGOM_COD.RDS","codWGOM","SST","SSP245",1980,10.9987154510451,11.3591740701337,-0.360458619088638
"SSP245_TOSGOM_COD.RDS","codWGOM","SST","SSP245",1981,10.972348872475,11.3591740701337,-0.386825197658739
"SSP245_TOSGOM_COD.RDS","codWGOM","SST","SSP245",1982,10.9078909690336,11.3591740701337,-0.451283101100138
"SSP245_TOSGOM_COD.RDS","codWGOM","SST","SSP245",1983,10.53422287088,11.3591740701337,-0.824951199253737
"SSP245_TOSGOM_COD.RDS","codWGOM","SST","SSP245",1984,10.9489473105958,11.3591740701337,-0.410226759537938
"SSP245_TOSGOM_COD.RDS","codWGOM","SST","SSP245",1985,10.9566474046766,11.3591740701337,-0.402526665457138
"SSP245_TOSGOM_COD.RDS","codWGOM","SST","SSP245",1986,10.3015367185107,11.3591740701337,-1.05763735162304
"SSP245_TOSGOM_COD.RDS","codWGOM","SST","SSP245",1987,11.0067681342178,11.3591740701337,-0.352405935915938
"SSP245_TOSGOM_COD.RDS","codWGOM","SST","SSP245",1988,10.8231638162032,11.3591740701337,-0.536010253930538
"SSP245_TOSGOM_COD.RDS","codWGOM","SST","SSP245",1989,12.4991697370636,11.3591740701337,1.13999566692986
"SSP245_TOSGOM_COD.RDS","codWGOM","SST","SSP245",1990,11.6658307223587,11.3591740701337,0.306656652224962
"SSP245_TOSGOM_COD.RDS","codWGOM","SST","SSP245",1991,11.9102087862003,11.3591740701337,0.551034716066562
"SSP245_TOSGOM_COD.RDS","codWGOM","SST","SSP245",1992,10.9117328350588,11.3591740701337,-0.447441235074939
"SSP245_TOSGOM_COD.RDS","codWGOM","SST","SSP245",1993,10.4694682417449,11.3591740701337,-0.889705828388838
"SSP245_TOSGOM_COD.RDS","codWGOM","SST","SSP245",1994,11.0489780624461,11.3591740701337,-0.310196007687638
"SSP245_TOSGOM_COD.RDS","codWGOM","SST","SSP245",1995,11.3756704060928,11.3591740701337,0.0164963359590615
"SSP245_TOSGOM_COD.RDS","codWGOM","SST","SSP245",1996,11.1387394075808,11.3591740701337,-0.220434662552938
"SSP245_TOSGOM_COD.RDS","codWGOM","SST","SSP245",1997,10.6919683568966,11.3591740701337,-0.667205713237138
"SSP245_TOSGOM_COD.RDS","codWGOM","SST","SSP245",1998,10.7136136161615,11.3591740701337,-0.645560453972239
"SSP245_TOSGOM_COD.RDS","codWGOM","SST","SSP245",1999,10.7677011990399,11.3591740701337,-0.591472871093838
"SSP245_TOSGOM_COD.RDS","codWGOM","SST","SSP245",2000,9.86367538315909,11.3591740701337,-1.49549868697465
"SSP245_TOSGOM_COD.RDS","codWGOM","SST","SSP245",2001,10.5013216365198,11.3591740701337,-0.857852433613939
"SSP245_TOSGOM_COD.RDS","codWGOM","SST","SSP245",2002,11.0780142088114,11.3591740701337,-0.281159861322339
"SSP245_TOSGOM_COD.RDS","codWGOM","SST","SSP245",2003,9.79328238890038,11.3591740701337,-1.56589168123336
"SSP245_TOSGOM_COD.RDS","codWGOM","SST","SSP245",2004,10.6301399915115,11.3591740701337,-0.729034078622238
"SSP245_TOSGOM_COD.RDS","codWGOM","SST","SSP245",2005,10.7952914572651,11.3591740701337,-0.563882612868639
"SSP245_TOSGOM_COD.RDS","codWGOM","SST","SSP245",2006,11.4982823010557,11.3591740701337,0.139108230921961
"SSP245_TOSGOM_COD.RDS","codWGOM","SST","SSP245",2007,10.9434031954463,11.3591740701337,-0.415770874687439
"SSP245_TOSGOM_COD.RDS","codWGOM","SST","SSP245",2008,12.0287182233348,11.3591740701337,0.669544153201061
"SSP245_TOSGOM_COD.RDS","codWGOM","SST","SSP245",2009,12.2451358054736,11.3591740701337,0.885961735339862
"SSP245_TOSGOM_COD.RDS","codWGOM","SST","SSP245",2010,11.3607894260691,11.3591740701337,0.00161535593536222
"SSP245_TOSGOM_COD.RDS","codWGOM","SST","SSP245",2011,11.6271063289287,11.3591740701337,0.267932258794962
"SSP245_TOSGOM_COD.RDS","codWGOM","SST","SSP245",2012,10.7805104385992,11.3591740701337,-0.578663631534539
"SSP245_TOSGOM_COD.RDS","codWGOM","SST","SSP245",2013,11.8489453114338,11.3591740701337,0.489771241300062
"SSP245_TOSGOM_COD.RDS","codWGOM","SST","SSP245",2014,10.9781311580113,11.3591740701337,-0.381042912122439
"SSP245_TOSGOM_COD.RDS","codWGOM","SST","SSP245",2015,10.4037354072429,11.3591740701337,-0.955438662890838
"SSP245_TOSGOM_COD.RDS","codWGOM","SST","SSP245",2016,12.0172722490678,11.3591740701337,0.658098178934061
"SSP245_TOSGOM_COD.RDS","codWGOM","SST","SSP245",2017,12.4694158388221,11.3591740701337,1.11024176868836
"SSP245_TOSGOM_COD.RDS","codWGOM","SST","SSP245",2018,12.5376214643443,11.3591740701337,1.17844739421056
"SSP245_TOSGOM_COD.RDS","codWGOM","SST","SSP245",2019,13.0527119760928,11.3591740701337,1.69353790595906
"SSP245_TOSGOM_COD.RDS","codWGOM","SST","SSP245",2020,12.8964270852367,11.3591740701337,1.53725301510296
"SSP245_TOSGOM_COD.RDS","codWGOM","SST","SSP245",2021,12.494573394112,11.3591740701337,1.13539932397826
"SSP245_TOSGOM_COD.RDS","codWGOM","SST","SSP245",2022,13.8744338912253,11.3591740701337,2.51525982109156
"SSP245_TOSGOM_COD.RDS","codWGOM","SST","SSP245",2023,13.0809389878504,11.3591740701337,1.72176491771666
"SSP245_TOSGOM_COD.RDS","codWGOM","SST","SSP245",2024,12.9454483648265,11.3591740701337,1.58627429469276
"SSP245_TOSGOM_COD.RDS","codWGOM","SST","SSP245",2025,13.1752700361406,11.3591740701337,1.81609596600686
"SSP245_TOSGOM_COD.RDS","codWGOM","SST","SSP245",2026,13.2893221357594,11.3591740701337,1.93014806562566
"SSP245_TOSGOM_COD.RDS","codWGOM","SST","SSP245",2027,13.1335846646232,11.3591740701337,1.77441059448946
"SSP245_TOSGOM_COD.RDS","codWGOM","SST","SSP245",2028,12.2263513245198,11.3591740701337,0.867177254386062
"SSP245_TOSGOM_COD.RDS","codWGOM","SST","SSP245",2029,12.2786851930322,11.3591740701337,0.919511122898461
"SSP245_TOSGOM_COD.RDS","codWGOM","SST","SSP245",2030,12.1977182672631,11.3591740701337,0.838544197129362
"SSP245_TOSGOM_COD.RDS","codWGOM","SST","SSP245",2031,12.3401276203416,11.3591740701337,0.980953550207861
"SSP245_TOSGOM_COD.RDS","codWGOM","SST","SSP245",2032,12.6329497597973,11.3591740701337,1.27377568966356
"SSP245_TOSGOM_COD.RDS","codWGOM","SST","SSP245",2033,12.6413466749724,11.3591740701337,1.28217260483866
"SSP245_TOSGOM_COD.RDS","codWGOM","SST","SSP245",2034,12.6873566556421,11.3591740701337,1.32818258550836
"SSP245_TOSGOM_COD.RDS","codWGOM","SST","SSP245",2035,12.5316633248181,11.3591740701337,1.17248925468436
"SSP245_TOSGOM_COD.RDS","codWGOM","SST","SSP245",2036,12.4345320340269,11.3591740701337,1.07535796389316
"SSP245_TOSGOM_COD.RDS","codWGOM","SST","SSP245",2037,13.346693519924,11.3591740701337,1.98751944979026
"SSP245_TOSGOM_COD.RDS","codWGOM","SST","SSP245",2038,13.7232101316037,11.3591740701337,2.36403606146996
"SSP245_TOSGOM_COD.RDS","codWGOM","SST","SSP245",2039,13.4807088449135,11.3591740701337,2.12153477477976
"SSP245_TOSGOM_COD.RDS","codWGOM","SST","SSP245",2040,12.6652591438767,11.3591740701337,1.30608507374296
"SSP245_TOSGOM_COD.RDS","codWGOM","SST","SSP245",2041,12.851622153217,11.3591740701337,1.49244808308326
"SSP245_TOSGOM_COD.RDS","codWGOM","SST","SSP245",2042,13.0233259621614,11.3591740701337,1.66415189202766
"SSP245_TOSGOM_COD.RDS","codWGOM","SST","SSP245",2043,12.4993423236823,11.3591740701337,1.14016825354856
"SSP245_TOSGOM_COD.RDS","codWGOM","SST","SSP245",2044,13.4483902694276,11.3591740701337,2.08921619929386
"SSP245_TOSGOM_COD.RDS","codWGOM","SST","SSP245",2045,13.5114313155228,11.3591740701337,2.15225724538906
"SSP245_TOSGOM_COD.RDS","codWGOM","SST","SSP245",2046,13.2481712957347,11.3591740701337,1.88899722560096
"SSP245_TOSGOM_COD.RDS","codWGOM","SST","SSP245",2047,13.9693895517669,11.3591740701337,2.61021548163316
"SSP245_TOSGOM_COD.RDS","codWGOM","SST","SSP245",2048,13.5586117649671,11.3591740701337,2.19943769483336
"SSP245_TOSGOM_COD.RDS","codWGOM","SST","SSP245",2049,14.6493176406955,11.3591740701337,3.29014357056176
"SSP245_TOSGOM_COD.RDS","codWGOM","SST","SSP245",2050,13.0894583767245,11.3591740701337,1.73028430659076
"SSP245_TOSGOM_COD.RDS","codWGOM","SST","SSP245",2051,12.7292809788485,11.3591740701337,1.37010690871476
"SSP245_TOSGOM_COD.RDS","codWGOM","SST","SSP245",2052,12.9639983301577,11.3591740701337,1.60482426002396
"SSP245_TOSGOM_COD.RDS","codWGOM","SST","SSP245",2053,13.8134401499114,11.3591740701337,2.45426607977766
"SSP245_TOSGOM_COD.RDS","codWGOM","SST","SSP245",2054,13.6987488675562,11.3591740701337,2.33957479742246
"SSP245_TOSGOM_COD.RDS","codWGOM","SST","SSP245",2055,13.7761449570982,11.3591740701337,2.41697088696446
"SSP245_TOSGOM_COD.RDS","codWGOM","SST","SSP245",2056,13.4948691237787,11.3591740701337,2.13569505364496
"SSP245_TOSGOM_COD.RDS","codWGOM","SST","SSP245",2057,14.1409856636332,11.3591740701337,2.78181159349946
"SSP245_TOSGOM_COD.RDS","codWGOM","SST","SSP245",2058,13.9230306749759,11.3591740701337,2.56385660484216
"SSP245_TOSGOM_COD.RDS","codWGOM","SST","SSP245",2059,13.5161890035831,11.3591740701337,2.15701493344936
"SSP245_TOSGOM_COD.RDS","codWGOM","SST","SSP245",2060,13.5934926021173,11.3591740701337,2.23431853198356
"SSP245_TOSGOM_COD.RDS","codWGOM","SST","SSP245",2061,13.5833832610468,11.3591740701337,2.22420919091306
"SSP245_TOSGOM_COD.RDS","codWGOM","SST","SSP245",2062,13.2076244739272,11.3591740701337,1.84845040379346
"SSP245_TOSGOM_COD.RDS","codWGOM","SST","SSP245",2063,12.860627276853,11.3591740701337,1.50145320671926
"SSP245_TOSGOM_COD.RDS","codWGOM","SST","SSP245",2064,13.5065957312258,11.3591740701337,2.14742166109206
"SSP245_TOSGOM_COD.RDS","codWGOM","SST","SSP245",2065,13.0907468511451,11.3591740701337,1.73157278101136
"SSP245_TOSGOM_COD.RDS","codWGOM","SST","SSP245",2066,12.8323218179786,11.3591740701337,1.47314774784486
"SSP245_TOSGOM_COD.RDS","codWGOM","SST","SSP245",2067,12.9390039686831,11.3591740701337,1.57982989854936
"SSP245_TOSGOM_COD.RDS","codWGOM","SST","SSP245",2068,12.2173673407632,11.3591740701337,0.858193270629462
"SSP245_TOSGOM_COD.RDS","codWGOM","SST","SSP245",2069,12.6731050870433,11.3591740701337,1.31393101690956
"SSP245_TOSGOM_COD.RDS","codWGOM","SST","SSP245",2070,12.5472535441381,11.3591740701337,1.18807947400436
"SSP245_TOSGOM_COD.RDS","codWGOM","SST","SSP245",2071,13.402737096822,11.3591740701337,2.04356302668826
"SSP245_TOSGOM_COD.RDS","codWGOM","SST","SSP245",2072,13.2158827669132,11.3591740701337,1.85670869677946
"SSP245_TOSGOM_COD.RDS","codWGOM","SST","SSP245",2073,14.3032504780692,11.3591740701337,2.94407640793546
"SSP245_TOSGOM_COD.RDS","codWGOM","SST","SSP245",2074,13.8851386390117,11.3591740701337,2.52596456887796
"SSP245_TOSGOM_COD.RDS","codWGOM","SST","SSP245",2075,14.5160298199387,11.3591740701337,3.15685574980496
"SSP245_TOSGOM_COD.RDS","codWGOM","SST","SSP245",2076,14.667391779408,11.3591740701337,3.30821770927426
"SSP245_TOSGOM_COD.RDS","codWGOM","SST","SSP245",2077,15.4942767042551,11.3591740701337,4.13510263412136
"SSP245_TOSGOM_COD.RDS","codWGOM","SST","SSP245",2078,14.7983833123438,11.3591740701337,3.43920924221006
"SSP245_TOSGOM_COD.RDS","codWGOM","SST","SSP245",2079,14.0525677728357,11.3591740701337,2.69339370270196
"SSP245_TOSGOM_COD.RDS","codWGOM","SST","SSP245",2080,14.1799417412799,11.3591740701337,2.82076767114616
"SSP245_TOSGOM_COD.RDS","codWGOM","SST","SSP245",2081,14.8142535446593,11.3591740701337,3.45507947452556
"SSP245_TOSGOM_COD.RDS","codWGOM","SST","SSP245",2082,14.408233256962,11.3591740701337,3.04905918682826
"SSP245_TOSGOM_COD.RDS","codWGOM","SST","SSP245",2083,14.3406984441769,11.3591740701337,2.98152437404316
"SSP245_TOSGOM_COD.RDS","codWGOM","SST","SSP245",2084,14.0488573927317,11.3591740701337,2.68968332259796
"SSP245_TOSGOM_COD.RDS","codWGOM","SST","SSP245",2085,13.9369010457341,11.3591740701337,2.57772697560036
"SSP245_TOSGOM_COD.RDS","codWGOM","SST","SSP245",2086,14.2579334347885,11.3591740701337,2.89875936465476
"SSP245_TOSGOM_COD.RDS","codWGOM","SST","SSP245",2087,13.4961119485938,11.3591740701337,2.13693787846006
"SSP245_TOSGOM_COD.RDS","codWGOM","SST","SSP245",2088,13.2260814909609,11.3591740701337,1.86690742082716
"SSP245_TOSGOM_COD.RDS","codWGOM","SST","SSP245",2089,13.7409299749765,11.3591740701337,2.38175590484276
"SSP245_TOSGOM_COD.RDS","codWGOM","SST","SSP245",2090,13.3270606248275,11.3591740701337,1.96788655469376
"SSP245_TOSGOM_COD.RDS","codWGOM","SST","SSP245",2091,13.9003821497378,11.3591740701337,2.54120807960406
"SSP245_TOSGOM_COD.RDS","codWGOM","SST","SSP245",2092,13.8201485521305,11.3591740701337,2.46097448199676
"SSP245_TOSGOM_COD.RDS","codWGOM","SST","SSP245",2093,13.7175754357569,11.3591740701337,2.35840136562316
"SSP245_TOSGOM_COD.RDS","codWGOM","SST","SSP245",2094,13.9098128614959,11.3591740701337,2.55063879136216
"SSP245_TOSGOM_COD.RDS","codWGOM","SST","SSP245",2095,14.7201113292149,11.3591740701337,3.36093725908116
"SSP245_TOSGOM_COD.RDS","codWGOM","SST","SSP245",2096,14.1099745217317,11.3591740701337,2.75080045159796
"SSP245_TOSGOM_COD.RDS","codWGOM","SST","SSP245",2097,14.5080090114049,11.3591740701337,3.14883494127116
"SSP245_TOSGOM_COD.RDS","codWGOM","SST","SSP245",2098,15.6940657177327,11.3591740701337,4.33489164759896
"SSP245_TOSGOM_COD.RDS","codWGOM","SST","SSP245",2099,13.9284027982202,11.3591740701337,2.56922872808646
"SSP245_TOSGOM_COD.RDS","codWGOM","SST","SSP245",2100,13.7069428390598,11.3591740701337,2.34776876892606
"SSP370_TOBGOM_COD.RDS","codWGOM","BT","SSP370",1970,7.36014636658734,7.40967374661402,-0.0495273800266771
"SSP370_TOBGOM_COD.RDS","codWGOM","BT","SSP370",1971,7.99010096632916,7.40967374661402,0.580427219715142
"SSP370_TOBGOM_COD.RDS","codWGOM","BT","SSP370",1972,8.0617320581993,7.40967374661402,0.652058311585283
"SSP370_TOBGOM_COD.RDS","codWGOM","BT","SSP370",1973,7.86605983180289,7.40967374661402,0.456386085188872
"SSP370_TOBGOM_COD.RDS","codWGOM","BT","SSP370",1974,7.66323991784398,7.40967374661402,0.253566171229963
"SSP370_TOBGOM_COD.RDS","codWGOM","BT","SSP370",1975,7.60610108819808,7.40967374661402,0.196427341584062
"SSP370_TOBGOM_COD.RDS","codWGOM","BT","SSP370",1976,7.22208607670683,7.40967374661402,-0.187587669907187
"SSP370_TOBGOM_COD.RDS","codWGOM","BT","SSP370",1977,7.30601703676378,7.40967374661402,-0.103656709850237
"SSP370_TOBGOM_COD.RDS","codWGOM","BT","SSP370",1978,7.08020282991184,7.40967374661402,-0.329470916702178
"SSP370_TOBGOM_COD.RDS","codWGOM","BT","SSP370",1979,7.08412582992767,7.40967374661402,-0.325547916686348
"SSP370_TOBGOM_COD.RDS","codWGOM","BT","SSP370",1980,7.78126779698437,7.40967374661402,0.371594050370352
"SSP370_TOBGOM_COD.RDS","codWGOM","BT","SSP370",1981,7.74889436760304,7.40967374661402,0.339220620989023
"SSP370_TOBGOM_COD.RDS","codWGOM","BT","SSP370",1982,7.71571895232112,7.40967374661402,0.306045205707102
"SSP370_TOBGOM_COD.RDS","codWGOM","BT","SSP370",1983,7.79570610286286,7.40967374661402,0.386032356248842
"SSP370_TOBGOM_COD.RDS","codWGOM","BT","SSP370",1984,7.83138508308008,7.40967374661402,0.421711336466062
"SSP370_TOBGOM_COD.RDS","codWGOM","BT","SSP370",1985,7.8742839222369,7.40967374661402,0.464610175622883
"SSP370_TOBGOM_COD.RDS","codWGOM","BT","SSP370",1986,7.82276687903434,7.40967374661402,0.413093132420323
"SSP370_TOBGOM_COD.RDS","codWGOM","BT","SSP370",1987,7.67835490940521,7.40967374661402,0.268681162791193
"SSP370_TOBGOM_COD.RDS","codWGOM","BT","SSP370",1988,7.33515265136032,7.40967374661402,-0.0745210952536972
"SSP370_TOBGOM_COD.RDS","codWGOM","BT","SSP370",1989,7.93596934087528,7.40967374661402,0.526295594261263
"SSP370_TOBGOM_COD.RDS","codWGOM","BT","SSP370",1990,7.77148073519239,7.40967374661402,0.361806988578373
"SSP370_TOBGOM_COD.RDS","codWGOM","BT","SSP370",1991,7.6697213849666,7.40967374661402,0.260047638352582
"SSP370_TOBGOM_COD.RDS","codWGOM","BT","SSP370",1992,7.33597136891407,7.40967374661402,-0.0737023776999477
"SSP370_TOBGOM_COD.RDS","codWGOM","BT","SSP370",1993,6.55829997536559,7.40967374661402,-0.851373771248428
"SSP370_TOBGOM_COD.RDS","codWGOM","BT","SSP370",1994,7.19870356225079,7.40967374661402,-0.210970184363227
"SSP370_TOBGOM_COD.RDS","codWGOM","BT","SSP370",1995,6.7857932317331,7.40967374661402,-0.623880514880917
"SSP370_TOBGOM_COD.RDS","codWGOM","BT","SSP370",1996,7.09660217273309,7.40967374661402,-0.313071573880928
"SSP370_TOBGOM_COD.RDS","codWGOM","BT","SSP370",1997,7.169774967395,7.40967374661402,-0.239898779219017
"SSP370_TOBGOM_COD.RDS","codWGOM","BT","SSP370",1998,6.90566068510091,7.40967374661402,-0.504013061513107
"SSP370_TOBGOM_COD.RDS","codWGOM","BT","SSP370",1999,7.02030371701495,7.40967374661402,-0.389370029599068
"SSP370_TOBGOM_COD.RDS","codWGOM","BT","SSP370",2000,6.82320358027583,7.40967374661402,-0.586470166338187
"SSP370_TOBGOM_COD.RDS","codWGOM","BT","SSP370",2001,6.73388513837542,7.40967374661402,-0.675788608238597
"SSP370_TOBGOM_COD.RDS","codWGOM","BT","SSP370",2002,6.5975005546712,7.40967374661402,-0.812173191942818
"SSP370_TOBGOM_COD.RDS","codWGOM","BT","SSP370",2003,6.30921441486904,7.40967374661402,-1.10045933174498
"SSP370_TOBGOM_COD.RDS","codWGOM","BT","SSP370",2004,6.38957023131921,7.40967374661402,-1.02010351529481
"SSP370_TOBGOM_COD.RDS","codWGOM","BT","SSP370",2005,6.09083701187039,7.40967374661402,-1.31883673474363
"SSP370_TOBGOM_COD.RDS","codWGOM","BT","SSP370",2006,6.75226773593737,7.40967374661402,-0.657406010676647
"SSP370_TOBGOM_COD.RDS","codWGOM","BT","SSP370",2007,6.80861679856081,7.40967374661402,-0.601056948053207
"SSP370_TOBGOM_COD.RDS","codWGOM","BT","SSP370",2008,7.30847428777944,7.40967374661402,-0.101199458834578
"SSP370_TOBGOM_COD.RDS","codWGOM","BT","SSP370",2009,8.01462767435157,7.40967374661402,0.604953927737552
"SSP370_TOBGOM_COD.RDS","codWGOM","BT","SSP370",2010,7.55938837928061,7.40967374661402,0.149714632666592
"SSP370_TOBGOM_COD.RDS","codWGOM","BT","SSP370",2011,8.04441855279555,7.40967374661402,0.634744806181533
"SSP370_TOBGOM_COD.RDS","codWGOM","BT","SSP370",2012,7.52922448800958,7.40967374661402,0.119550741395563
"SSP370_TOBGOM_COD.RDS","codWGOM","BT","SSP370",2013,7.66159715815361,7.40967374661402,0.251923411539592
"SSP370_TOBGOM_COD.RDS","codWGOM","BT","SSP370",2014,7.37938201827292,7.40967374661402,-0.0302917283410977
"SSP370_TOBGOM_COD.RDS","codWGOM","BT","SSP370",2015,7.6031900903453,7.40967374661402,0.193516343731282
"SSP370_TOBGOM_COD.RDS","codWGOM","BT","SSP370",2016,7.55264287409575,7.40967374661402,0.142969127481733
"SSP370_TOBGOM_COD.RDS","codWGOM","BT","SSP370",2017,7.69115193586172,7.40967374661402,0.281478189247703
"SSP370_TOBGOM_COD.RDS","codWGOM","BT","SSP370",2018,8.1689134590374,7.40967374661402,0.759239712423383
"SSP370_TOBGOM_COD.RDS","codWGOM","BT","SSP370",2019,8.23594364749719,7.40967374661402,0.826269900883173
"SSP370_TOBGOM_COD.RDS","codWGOM","BT","SSP370",2020,7.82993222911906,7.40967374661402,0.420258482505043
"SSP370_TOBGOM_COD.RDS","codWGOM","BT","SSP370",2021,7.77175776292078,7.40967374661402,0.362084016306762
"SSP370_TOBGOM_COD.RDS","codWGOM","BT","SSP370",2022,8.090218755029,7.40967374661402,0.680545008414982
"SSP370_TOBGOM_COD.RDS","codWGOM","BT","SSP370",2023,8.41946831652837,7.40967374661402,1.00979456991435
"SSP370_TOBGOM_COD.RDS","codWGOM","BT","SSP370",2024,8.43876503491254,7.40967374661402,1.02909128829852
"SSP370_TOBGOM_COD.RDS","codWGOM","BT","SSP370",2025,7.23481070328944,7.40967374661402,-0.174863043324577
"SSP370_TOBGOM_COD.RDS","codWGOM","BT","SSP370",2026,7.78679668621987,7.40967374661402,0.377122939605853
"SSP370_TOBGOM_COD.RDS","codWGOM","BT","SSP370",2027,8.06648243658291,7.40967374661402,0.656808689968893
"SSP370_TOBGOM_COD.RDS","codWGOM","BT","SSP370",2028,7.31391387133865,7.40967374661402,-0.0957598752753679
"SSP370_TOBGOM_COD.RDS","codWGOM","BT","SSP370",2029,7.50762785147436,7.40967374661402,0.0979541048603423
"SSP370_TOBGOM_COD.RDS","codWGOM","BT","SSP370",2030,7.74992847131646,7.40967374661402,0.340254724702443
"SSP370_TOBGOM_COD.RDS","codWGOM","BT","SSP370",2031,7.08874732589129,7.40967374661402,-0.320926420722728
"SSP370_TOBGOM_COD.RDS","codWGOM","BT","SSP370",2032,7.48754008690023,7.40967374661402,0.0778663402862128
"SSP370_TOBGOM_COD.RDS","codWGOM","BT","SSP370",2033,8.24620779434346,7.40967374661402,0.836534047729443
"SSP370_TOBGOM_COD.RDS","codWGOM","BT","SSP370",2034,8.50219025078768,7.40967374661402,1.09251650417366
"SSP370_TOBGOM_COD.RDS","codWGOM","BT","SSP370",2035,8.34296395408441,7.40967374661402,0.933290207470393
"SSP370_TOBGOM_COD.RDS","codWGOM","BT","SSP370",2036,7.95671488705629,7.40967374661402,0.547041140442272
"SSP370_TOBGOM_COD.RDS","codWGOM","BT","SSP370",2037,8.20973058472509,7.40967374661402,0.800056838111073
"SSP370_TOBGOM_COD.RDS","codWGOM","BT","SSP370",2038,7.64503513152555,7.40967374661402,0.235361384911532
"SSP370_TOBGOM_COD.RDS","codWGOM","BT","SSP370",2039,7.86732777009099,7.40967374661402,0.457654023476972
"SSP370_TOBGOM_COD.RDS","codWGOM","BT","SSP370",2040,7.97714126065651,7.40967374661402,0.567467514042493
"SSP370_TOBGOM_COD.RDS","codWGOM","BT","SSP370",2041,7.68129140071987,7.40967374661402,0.271617654105852
"SSP370_TOBGOM_COD.RDS","codWGOM","BT","SSP370",2042,8.40157089810934,7.40967374661402,0.991897151495322
"SSP370_TOBGOM_COD.RDS","codWGOM","BT","SSP370",2043,9.26362665928669,7.40967374661402,1.85395291267267
"SSP370_TOBGOM_COD.RDS","codWGOM","BT","SSP370",2044,8.91252693922623,7.40967374661402,1.50285319261221
"SSP370_TOBGOM_COD.RDS","codWGOM","BT","SSP370",2045,8.19876157452601,7.40967374661402,0.789087827911993
"SSP370_TOBGOM_COD.RDS","codWGOM","BT","SSP370",2046,8.19938728439142,7.40967374661402,0.789713537777403
"SSP370_TOBGOM_COD.RDS","codWGOM","BT","SSP370",2047,8.25231187328789,7.40967374661402,0.842638126673873
"SSP370_TOBGOM_COD.RDS","codWGOM","BT","SSP370",2048,8.45034128508953,7.40967374661402,1.04066753847551
"SSP370_TOBGOM_COD.RDS","codWGOM","BT","SSP370",2049,8.2699964868356,7.40967374661402,0.860322740221583
"SSP370_TOBGOM_COD.RDS","codWGOM","BT","SSP370",2050,8.27392156124115,7.40967374661402,0.864247814627132
"SSP370_TOBGOM_COD.RDS","codWGOM","BT","SSP370",2051,8.86757352070779,7.40967374661402,1.45789977409377
"SSP370_TOBGOM_COD.RDS","codWGOM","BT","SSP370",2052,9.71297622319334,7.40967374661402,2.30330247657932
"SSP370_TOBGOM_COD.RDS","codWGOM","BT","SSP370",2053,8.38097018899384,7.40967374661402,0.971296442379823
"SSP370_TOBGOM_COD.RDS","codWGOM","BT","SSP370",2054,9.4044409476452,7.40967374661402,1.99476720103118
"SSP370_TOBGOM_COD.RDS","codWGOM","BT","SSP370",2055,8.69622226501844,7.40967374661402,1.28654851840442
"SSP370_TOBGOM_COD.RDS","codWGOM","BT","SSP370",2056,9.30085054347234,7.40967374661402,1.89117679685832
"SSP370_TOBGOM_COD.RDS","codWGOM","BT","SSP370",2057,9.48586340690992,7.40967374661402,2.0761896602959
"SSP370_TOBGOM_COD.RDS","codWGOM","BT","SSP370",2058,9.59215947841265,7.40967374661402,2.18248573179863
"SSP370_TOBGOM_COD.RDS","codWGOM","BT","SSP370",2059,9.3786325432499,7.40967374661402,1.96895879663588
"SSP370_TOBGOM_COD.RDS","codWGOM","BT","SSP370",2060,10.077584902248,7.40967374661402,2.66791115563398
"SSP370_TOBGOM_COD.RDS","codWGOM","BT","SSP370",2061,9.88924757693865,7.40967374661402,2.47957383032463
"SSP370_TOBGOM_COD.RDS","codWGOM","BT","SSP370",2062,9.3909042011877,7.40967374661402,1.98123045457368
"SSP370_TOBGOM_COD.RDS","codWGOM","BT","SSP370",2063,9.19007380023506,7.40967374661402,1.78040005362104
"SSP370_TOBGOM_COD.RDS","codWGOM","BT","SSP370",2064,9.73097214491471,7.40967374661402,2.32129839830069
"SSP370_TOBGOM_COD.RDS","codWGOM","BT","SSP370",2065,10.4406641002027,7.40967374661402,3.03099035358868
"SSP370_TOBGOM_COD.RDS","codWGOM","BT","SSP370",2066,9.83074270227681,7.40967374661402,2.42106895566279
"SSP370_TOBGOM_COD.RDS","codWGOM","BT","SSP370",2067,9.99866341789317,7.40967374661402,2.58898967127915
"SSP370_TOBGOM_COD.RDS","codWGOM","BT","SSP370",2068,9.2638471120633,7.40967374661402,1.85417336544928
"SSP370_TOBGOM_COD.RDS","codWGOM","BT","SSP370",2069,10.0066178897893,7.40967374661402,2.59694414317528
"SSP370_TOBGOM_COD.RDS","codWGOM","BT","SSP370",2070,9.14903646670513,7.40967374661402,1.73936272009111
"SSP370_TOBGOM_COD.RDS","codWGOM","BT","SSP370",2071,10.2517151062533,7.40967374661402,2.84204135963928
"SSP370_TOBGOM_COD.RDS","codWGOM","BT","SSP370",2072,10.1032177144696,7.40967374661402,2.69354396785558
"SSP370_TOBGOM_COD.RDS","codWGOM","BT","SSP370",2073,10.4289357949488,7.40967374661402,3.01926204833478
"SSP370_TOBGOM_COD.RDS","codWGOM","BT","SSP370",2074,11.0263881351637,7.40967374661402,3.61671438854968
"SSP370_TOBGOM_COD.RDS","codWGOM","BT","SSP370",2075,11.2532484140455,7.40967374661402,3.84357466743148
"SSP370_TOBGOM_COD.RDS","codWGOM","BT","SSP370",2076,10.0074227617394,7.40967374661402,2.59774901512538
"SSP370_TOBGOM_COD.RDS","codWGOM","BT","SSP370",2077,10.0152119818682,7.40967374661402,2.60553823525418
"SSP370_TOBGOM_COD.RDS","codWGOM","BT","SSP370",2078,9.94231649304029,7.40967374661402,2.53264274642627
"SSP370_TOBGOM_COD.RDS","codWGOM","BT","SSP370",2079,10.8325434243457,7.40967374661402,3.42286967773168
"SSP370_TOBGOM_COD.RDS","codWGOM","BT","SSP370",2080,10.659246592344,7.40967374661402,3.24957284572998
"SSP370_TOBGOM_COD.RDS","codWGOM","BT","SSP370",2081,10.5651647666967,7.40967374661402,3.15549102008268
"SSP370_TOBGOM_COD.RDS","codWGOM","BT","SSP370",2082,9.97033728753558,7.40967374661402,2.56066354092156
"SSP370_TOBGOM_COD.RDS","codWGOM","BT","SSP370",2083,10.7162283528666,7.40967374661402,3.30655460625258
"SSP370_TOBGOM_COD.RDS","codWGOM","BT","SSP370",2084,10.3800945667006,7.40967374661402,2.97042082008658
"SSP370_TOBGOM_COD.RDS","codWGOM","BT","SSP370",2085,9.68715036507719,7.40967374661402,2.27747661846317
"SSP370_TOBGOM_COD.RDS","codWGOM","BT","SSP370",2086,9.63399960431993,7.40967374661402,2.22432585770591
"SSP370_TOBGOM_COD.RDS","codWGOM","BT","SSP370",2087,9.93579382111567,7.40967374661402,2.52612007450165
"SSP370_TOBGOM_COD.RDS","codWGOM","BT","SSP370",2088,9.93352194424742,7.40967374661402,2.5238481976334
"SSP370_TOBGOM_COD.RDS","codWGOM","BT","SSP370",2089,10.3828120917267,7.40967374661402,2.97313834511268
"SSP370_TOBGOM_COD.RDS","codWGOM","BT","SSP370",2090,9.89039261059731,7.40967374661402,2.48071886398329
"SSP370_TOBGOM_COD.RDS","codWGOM","BT","SSP370",2091,9.87961812004539,7.40967374661402,2.46994437343137
"SSP370_TOBGOM_COD.RDS","codWGOM","BT","SSP370",2092,9.58479847315676,7.40967374661402,2.17512472654274
"SSP370_TOBGOM_COD.RDS","codWGOM","BT","SSP370",2093,9.74408627015463,7.40967374661402,2.33441252354061
"SSP370_TOBGOM_COD.RDS","codWGOM","BT","SSP370",2094,10.4834416220647,7.40967374661402,3.07376787545068
"SSP370_TOBGOM_COD.RDS","codWGOM","BT","SSP370",2095,10.6423943633619,7.40967374661402,3.23272061674788
"SSP370_TOBGOM_COD.RDS","codWGOM","BT","SSP370",2096,10.6946829412294,7.40967374661402,3.28500919461538
"SSP370_TOBGOM_COD.RDS","codWGOM","BT","SSP370",2097,10.848463876203,7.40967374661402,3.43879012958898
"SSP370_TOBGOM_COD.RDS","codWGOM","BT","SSP370",2098,10.8143299973529,7.40967374661402,3.40465625073888
"SSP370_TOBGOM_COD.RDS","codWGOM","BT","SSP370",2099,10.0840520298999,7.40967374661402,2.67437828328588
"SSP370_TOBGOM_COD.RDS","codWGOM","BT","SSP370",2100,10.5795382242025,7.40967374661402,3.16986447758848
"SSP370_TOSGOM_COD.RDS","codWGOM","SST","SSP370",1970,10.7130665752458,11.477224363689,-0.764157788443248
"SSP370_TOSGOM_COD.RDS","codWGOM","SST","SSP370",1971,11.5253190449306,11.477224363689,0.048094681241551
"SSP370_TOSGOM_COD.RDS","codWGOM","SST","SSP370",1972,12.1638965061733,11.477224363689,0.686672142484252
"SSP370_TOSGOM_COD.RDS","codWGOM","SST","SSP370",1973,11.668369362221,11.477224363689,0.191144998531952
"SSP370_TOSGOM_COD.RDS","codWGOM","SST","SSP370",1974,11.4723432383922,11.477224363689,-0.0048811252968477
"SSP370_TOSGOM_COD.RDS","codWGOM","SST","SSP370",1975,12.2213844009068,11.477224363689,0.744160037217751
"SSP370_TOSGOM_COD.RDS","codWGOM","SST","SSP370",1976,10.7192597753513,11.477224363689,-0.757964588337748
"SSP370_TOSGOM_COD.RDS","codWGOM","SST","SSP370",1977,10.6030748613132,11.477224363689,-0.874149502375849
"SSP370_TOSGOM_COD.RDS","codWGOM","SST","SSP370",1978,10.7712973763484,11.477224363689,-0.705926987340648
"SSP370_TOSGOM_COD.RDS","codWGOM","SST","SSP370",1979,10.6639939254856,11.477224363689,-0.813230438203448
"SSP370_TOSGOM_COD.RDS","codWGOM","SST","SSP370",1980,11.648556353883,11.477224363689,0.171331990193952
"SSP370_TOSGOM_COD.RDS","codWGOM","SST","SSP370",1981,11.6678481410009,11.477224363689,0.190623777311851
"SSP370_TOSGOM_COD.RDS","codWGOM","SST","SSP370",1982,11.5166807624864,11.477224363689,0.039456398797352
"SSP370_TOSGOM_COD.RDS","codWGOM","SST","SSP370",1983,10.895490893666,11.477224363689,-0.581733470023048
"SSP370_TOSGOM_COD.RDS","codWGOM","SST","SSP370",1984,11.3289334006931,11.477224363689,-0.148290962995949
"SSP370_TOSGOM_COD.RDS","codWGOM","SST","SSP370",1985,11.292056377482,11.477224363689,-0.185167986207048
"SSP370_TOSGOM_COD.RDS","codWGOM","SST","SSP370",1986,11.0080947493915,11.477224363689,-0.469129614297549
"SSP370_TOSGOM_COD.RDS","codWGOM","SST","SSP370",1987,11.395630826417,11.477224363689,-0.0815935372720489
"SSP370_TOSGOM_COD.RDS","codWGOM","SST","SSP370",1988,11.0553154687704,11.477224363689,-0.421908894918648
"SSP370_TOSGOM_COD.RDS","codWGOM","SST","SSP370",1989,12.5970869034714,11.477224363689,1.11986253978235
"SSP370_TOSGOM_COD.RDS","codWGOM","SST","SSP370",1990,11.7930651575882,11.477224363689,0.315840793899152
"SSP370_TOSGOM_COD.RDS","codWGOM","SST","SSP370",1991,12.2559215006621,11.477224363689,0.778697136973051
"SSP370_TOSGOM_COD.RDS","codWGOM","SST","SSP370",1992,11.3749300491736,11.477224363689,-0.102294314515449
"SSP370_TOSGOM_COD.RDS","codWGOM","SST","SSP370",1993,10.843636637741,11.477224363689,-0.633587725948049
"SSP370_TOSGOM_COD.RDS","codWGOM","SST","SSP370",1994,11.1790321510031,11.477224363689,-0.298192212685949
"SSP370_TOSGOM_COD.RDS","codWGOM","SST","SSP370",1995,11.2487234586514,11.477224363689,-0.228500905037649
"SSP370_TOSGOM_COD.RDS","codWGOM","SST","SSP370",1996,11.507298659686,11.477224363689,0.0300742959969522
"SSP370_TOSGOM_COD.RDS","codWGOM","SST","SSP370",1997,11.0074061438164,11.477224363689,-0.469818219872648
"SSP370_TOSGOM_COD.RDS","codWGOM","SST","SSP370",1998,10.9528126734384,11.477224363689,-0.524411690250648
"SSP370_TOSGOM_COD.RDS","codWGOM","SST","SSP370",1999,10.9150345458747,11.477224363689,-0.562189817814348
"SSP370_TOSGOM_COD.RDS","codWGOM","SST","SSP370",2000,10.162681325178,11.477224363689,-1.31454303851105
"SSP370_TOSGOM_COD.RDS","codWGOM","SST","SSP370",2001,10.9040742841567,11.477224363689,-0.573150079532349
"SSP370_TOSGOM_COD.RDS","codWGOM","SST","SSP370",2002,11.1901726574631,11.477224363689,-0.287051706225949
"SSP370_TOSGOM_COD.RDS","codWGOM","SST","SSP370",2003,10.1143634132717,11.477224363689,-1.36286095041735
"SSP370_TOSGOM_COD.RDS","codWGOM","SST","SSP370",2004,10.7763520519186,11.477224363689,-0.700872311770448
"SSP370_TOSGOM_COD.RDS","codWGOM","SST","SSP370",2005,10.5152556579306,11.477224363689,-0.961968705758448
"SSP370_TOSGOM_COD.RDS","codWGOM","SST","SSP370",2006,11.516467377562,11.477224363689,0.0392430138729516
"SSP370_TOSGOM_COD.RDS","codWGOM","SST","SSP370",2007,10.9528047446138,11.477224363689,-0.524419619075248
"SSP370_TOSGOM_COD.RDS","codWGOM","SST","SSP370",2008,12.2659295295336,11.477224363689,0.788705165844553
"SSP370_TOSGOM_COD.RDS","codWGOM","SST","SSP370",2009,12.418725901657,11.477224363689,0.941501537967952
"SSP370_TOSGOM_COD.RDS","codWGOM","SST","SSP370",2010,11.9490108957942,11.477224363689,0.471786532105151
"SSP370_TOSGOM_COD.RDS","codWGOM","SST","SSP370",2011,12.3350212553273,11.477224363689,0.857796891638252
"SSP370_TOSGOM_COD.RDS","codWGOM","SST","SSP370",2012,10.9634660498696,11.477224363689,-0.513758313819448
"SSP370_TOSGOM_COD.RDS","codWGOM","SST","SSP370",2013,12.2403178706673,11.477224363689,0.763093506978251
"SSP370_TOSGOM_COD.RDS","codWGOM","SST","SSP370",2014,11.3999207964595,11.477224363689,-0.0773035672295475
"SSP370_TOSGOM_COD.RDS","codWGOM","SST","SSP370",2015,11.7411608849993,11.477224363689,0.263936521310251
"SSP370_TOSGOM_COD.RDS","codWGOM","SST","SSP370",2016,11.860522036819,11.477224363689,0.383297673129952
"SSP370_TOSGOM_COD.RDS","codWGOM","SST","SSP370",2017,12.0917934856059,11.477224363689,0.614569121916851
"SSP370_TOSGOM_COD.RDS","codWGOM","SST","SSP370",2018,13.186542095753,11.477224363689,1.70931773206395
"SSP370_TOSGOM_COD.RDS","codWGOM","SST","SSP370",2019,12.2341047405456,11.477224363689,0.756880376856552
"SSP370_TOSGOM_COD.RDS","codWGOM","SST","SSP370",2020,11.2923452854156,11.477224363689,-0.184879078273449
"SSP370_TOSGOM_COD.RDS","codWGOM","SST","SSP370",2021,11.3538099016462,11.477224363689,-0.123414462042849
"SSP370_TOSGOM_COD.RDS","codWGOM","SST","SSP370",2022,11.9527653291359,11.477224363689,0.475540965446852
"SSP370_TOSGOM_COD.RDS","codWGOM","SST","SSP370",2023,12.268041566292,11.477224363689,0.790817202602952
"SSP370_TOSGOM_COD.RDS","codWGOM","SST","SSP370",2024,12.1885169023312,11.477224363689,0.711292538642152
"SSP370_TOSGOM_COD.RDS","codWGOM","SST","SSP370",2025,11.8975525547999,11.477224363689,0.420328191110851
"SSP370_TOSGOM_COD.RDS","codWGOM","SST","SSP370",2026,12.6572184758157,11.477224363689,1.17999411212665
"SSP370_TOSGOM_COD.RDS","codWGOM","SST","SSP370",2027,12.3065342381874,11.477224363689,0.829309874498351
"SSP370_TOSGOM_COD.RDS","codWGOM","SST","SSP370",2028,12.5007453118792,11.477224363689,1.02352094819015
"SSP370_TOSGOM_COD.RDS","codWGOM","SST","SSP370",2029,12.9671310448498,11.477224363689,1.48990668116075
"SSP370_TOSGOM_COD.RDS","codWGOM","SST","SSP370",2030,12.8748527355076,11.477224363689,1.39762837181855
"SSP370_TOSGOM_COD.RDS","codWGOM","SST","SSP370",2031,12.5656217284825,11.477224363689,1.08839736479345
"SSP370_TOSGOM_COD.RDS","codWGOM","SST","SSP370",2032,12.258412576166,11.477224363689,0.781188212476952
"SSP370_TOSGOM_COD.RDS","codWGOM","SST","SSP370",2033,12.5041230468276,11.477224363689,1.02689868313855
"SSP370_TOSGOM_COD.RDS","codWGOM","SST","SSP370",2034,13.3025495582486,11.477224363689,1.82532519455955
"SSP370_TOSGOM_COD.RDS","codWGOM","SST","SSP370",2035,12.4240377337296,11.477224363689,0.946813370040552
"SSP370_TOSGOM_COD.RDS","codWGOM","SST","SSP370",2036,12.1517995135384,11.477224363689,0.674575149849352
"SSP370_TOSGOM_COD.RDS","codWGOM","SST","SSP370",2037,12.7458063036759,11.477224363689,1.26858193998685
"SSP370_TOSGOM_COD.RDS","codWGOM","SST","SSP370",2038,12.8377847470112,11.477224363689,1.36056038332215
"SSP370_TOSGOM_COD.RDS","codWGOM","SST","SSP370",2039,12.7180396927069,11.477224363689,1.24081532901785
"SSP370_TOSGOM_COD.RDS","codWGOM","SST","SSP370",2040,12.8853302748307,11.477224363689,1.40810591114165
"SSP370_TOSGOM_COD.RDS","codWGOM","SST","SSP370",2041,12.5358931156419,11.477224363689,1.05866875195285
"SSP370_TOSGOM_COD.RDS","codWGOM","SST","SSP370",2042,13.1041293298236,11.477224363689,1.62690496613455
"SSP370_TOSGOM_COD.RDS","codWGOM","SST","SSP370",2043,13.8936842018033,11.477224363689,2.41645983811425
"SSP370_TOSGOM_COD.RDS","codWGOM","SST","SSP370",2044,13.8644125357918,11.477224363689,2.38718817210275
"SSP370_TOSGOM_COD.RDS","codWGOM","SST","SSP370",2045,13.2763292206,11.477224363689,1.79910485691095
"SSP370_TOSGOM_COD.RDS","codWGOM","SST","SSP370",2046,13.1917456561734,11.477224363689,1.71452129248435
"SSP370_TOSGOM_COD.RDS","codWGOM","SST","SSP370",2047,12.6760944958799,11.477224363689,1.19887013219085
"SSP370_TOSGOM_COD.RDS","codWGOM","SST","SSP370",2048,13.6162629708,11.477224363689,2.13903860711095
"SSP370_TOSGOM_COD.RDS","codWGOM","SST","SSP370",2049,13.3460140725841,11.477224363689,1.86878970889505
"SSP370_TOSGOM_COD.RDS","codWGOM","SST","SSP370",2050,13.1537257348529,11.477224363689,1.67650137116385
"SSP370_TOSGOM_COD.RDS","codWGOM","SST","SSP370",2051,13.797682400816,11.477224363689,2.32045803712695
"SSP370_TOSGOM_COD.RDS","codWGOM","SST","SSP370",2052,14.3972280318693,11.477224363689,2.92000366818025
"SSP370_TOSGOM_COD.RDS","codWGOM","SST","SSP370",2053,12.7103634840213,11.477224363689,1.23313912033225
"SSP370_TOSGOM_COD.RDS","codWGOM","SST","SSP370",2054,13.6564351887436,11.477224363689,2.17921082505455
"SSP370_TOSGOM_COD.RDS","codWGOM","SST","SSP370",2055,13.4844859075842,11.477224363689,2.00726154389515
"SSP370_TOSGOM_COD.RDS","codWGOM","SST","SSP370",2056,14.5602847034146,11.477224363689,3.08306033972555
"SSP370_TOSGOM_COD.RDS","codWGOM","SST","SSP370",2057,14.7890620018384,11.477224363689,3.31183763814935
"SSP370_TOSGOM_COD.RDS","codWGOM","SST","SSP370",2058,14.3337223556471,11.477224363689,2.85649799195805
"SSP370_TOSGOM_COD.RDS","codWGOM","SST","SSP370",2059,13.8334094438494,11.477224363689,2.35618508016035
"SSP370_TOSGOM_COD.RDS","codWGOM","SST","SSP370",2060,14.4949862024058,11.477224363689,3.01776183871675
"SSP370_TOSGOM_COD.RDS","codWGOM","SST","SSP370",2061,14.4661096809814,11.477224363689,2.98888531729235
"SSP370_TOSGOM_COD.RDS","codWGOM","SST","SSP370",2062,14.7596334611407,11.477224363689,3.28240909745165
"SSP370_TOSGOM_COD.RDS","codWGOM","SST","SSP370",2063,13.6393982644407,11.477224363689,2.16217390075165
"SSP370_TOSGOM_COD.RDS","codWGOM","SST","SSP370",2064,13.4420659349572,11.477224363689,1.96484157126815
"SSP370_TOSGOM_COD.RDS","codWGOM","SST","SSP370",2065,14.6287237191052,11.477224363689,3.15149935541615
"SSP370_TOSGOM_COD.RDS","codWGOM","SST","SSP370",2066,14.6725606468153,11.477224363689,3.19533628312625
"SSP370_TOSGOM_COD.RDS","codWGOM","SST","SSP370",2067,14.5837637889459,11.477224363689,3.10653942525685
"SSP370_TOSGOM_COD.RDS","codWGOM","SST","SSP370",2068,14.323593350523,11.477224363689,2.84636898683395
"SSP370_TOSGOM_COD.RDS","codWGOM","SST","SSP370",2069,14.0075442426693,11.477224363689,2.53031987898025
"SSP370_TOSGOM_COD.RDS","codWGOM","SST","SSP370",2070,14.3058895573113,11.477224363689,2.82866519362225
"SSP370_TOSGOM_COD.RDS","codWGOM","SST","SSP370",2071,14.4206028535499,11.477224363689,2.94337848986085
"SSP370_TOSGOM_COD.RDS","codWGOM","SST","SSP370",2072,15.3602892218169,11.477224363689,3.88306485812785
"SSP370_TOSGOM_COD.RDS","codWGOM","SST","SSP370",2073,15.8479274157412,11.477224363689,4.37070305205215
"SSP370_TOSGOM_COD.RDS","codWGOM","SST","SSP370",2074,15.7812524576365,11.477224363689,4.30402809394745
"SSP370_TOSGOM_COD.RDS","codWGOM","SST","SSP370",2075,15.9773367858081,11.477224363689,4.50011242211905
"SSP370_TOSGOM_COD.RDS","codWGOM","SST","SSP370",2076,14.9823523029778,11.477224363689,3.50512793928875
"SSP370_TOSGOM_COD.RDS","codWGOM","SST","SSP370",2077,15.0912623932643,11.477224363689,3.61403802957525
"SSP370_TOSGOM_COD.RDS","codWGOM","SST","SSP370",2078,14.8638630458287,11.477224363689,3.38663868213965
"SSP370_TOSGOM_COD.RDS","codWGOM","SST","SSP370",2079,14.7745852624407,11.477224363689,3.29736089875165
"SSP370_TOSGOM_COD.RDS","codWGOM","SST","SSP370",2080,15.337893616931,11.477224363689,3.86066925324195
"SSP370_TOSGOM_COD.RDS","codWGOM","SST","SSP370",2081,15.1020853729722,11.477224363689,3.62486100928315
"SSP370_TOSGOM_COD.RDS","codWGOM","SST","SSP370",2082,14.9880487702648,11.477224363689,3.51082440657575
"SSP370_TOSGOM_COD.RDS","codWGOM","SST","SSP370",2083,14.7382011129249,11.477224363689,3.26097674923585
"SSP370_TOSGOM_COD.RDS","codWGOM","SST","SSP370",2084,14.3727939540555,11.477224363689,2.89556959036645
"SSP370_TOSGOM_COD.RDS","codWGOM","SST","SSP370",2085,14.7610720018422,11.477224363689,3.28384763815315
"SSP370_TOSGOM_COD.RDS","codWGOM","SST","SSP370",2086,14.6216483779576,11.477224363689,3.14442401426855
"SSP370_TOSGOM_COD.RDS","codWGOM","SST","SSP370",2087,14.0817254048697,11.477224363689,2.60450104118065
"SSP370_TOSGOM_COD.RDS","codWGOM","SST","SSP370",2088,13.9706009633793,11.477224363689,2.49337659969025
"SSP370_TOSGOM_COD.RDS","codWGOM","SST","SSP370",2089,14.3494369032961,11.477224363689,2.87221253960705
"SSP370_TOSGOM_COD.RDS","codWGOM","SST","SSP370",2090,15.0822218195992,11.477224363689,3.60499745591015
"SSP370_TOSGOM_COD.RDS","codWGOM","SST","SSP370",2091,14.3500315139012,11.477224363689,2.87280715021215
"SSP370_TOSGOM_COD.RDS","codWGOM","SST","SSP370",2092,13.918352223035,11.477224363689,2.44112785934595
"SSP370_TOSGOM_COD.RDS","codWGOM","SST","SSP370",2093,14.1268860562248,11.477224363689,2.64966169253575
"SSP370_TOSGOM_COD.RDS","codWGOM","SST","SSP370",2094,14.5147142356967,11.477224363689,3.03748987200765
"SSP370_TOSGOM_COD.RDS","codWGOM","SST","SSP370",2095,14.312830775717,11.477224363689,2.83560641202795
"SSP370_TOSGOM_COD.RDS","codWGOM","SST","SSP370",2096,14.5637010201164,11.477224363689,3.08647665642735
"SSP370_TOSGOM_COD.RDS","codWGOM","SST","SSP370",2097,14.442280256378,11.477224363689,2.96505589268895
"SSP370_TOSGOM_COD.RDS","codWGOM","SST","SSP370",2098,15.254772206419,11.477224363689,3.77754784272995
"SSP370_TOSGOM_COD.RDS","codWGOM","SST","SSP370",2099,14.9682223243003,11.477224363689,3.49099796061125
"SSP370_TOSGOM_COD.RDS","codWGOM","SST","SSP370",2100,15.0003023526683,11.477224363689,3.52307798897925
"SSP585_TOBGOM_COD.RDS","codWGOM","BT","SSP585",1970,7.0490305971655,7.47077536162796,-0.421744764462455
"SSP585_TOBGOM_COD.RDS","codWGOM","BT","SSP585",1971,7.57709611543217,7.47077536162796,0.106320753804214
"SSP585_TOBGOM_COD.RDS","codWGOM","BT","SSP585",1972,7.79104619514868,7.47077536162796,0.320270833520724
"SSP585_TOBGOM_COD.RDS","codWGOM","BT","SSP585",1973,7.73205684208722,7.47077536162796,0.261281480459265
"SSP585_TOBGOM_COD.RDS","codWGOM","BT","SSP585",1974,7.67618774938287,7.47077536162796,0.205412387754914
"SSP585_TOBGOM_COD.RDS","codWGOM","BT","SSP585",1975,7.43317949653412,7.47077536162796,-0.0375958650938362
"SSP585_TOBGOM_COD.RDS","codWGOM","BT","SSP585",1976,6.92361394189159,7.47077536162796,-0.547161419736366
"SSP585_TOBGOM_COD.RDS","codWGOM","BT","SSP585",1977,7.19800218854632,7.47077536162796,-0.272773173081636
"SSP585_TOBGOM_COD.RDS","codWGOM","BT","SSP585",1978,6.77141946961421,7.47077536162796,-0.699355892013746
"SSP585_TOBGOM_COD.RDS","codWGOM","BT","SSP585",1979,7.02696854164882,7.47077536162796,-0.443806819979136
"SSP585_TOBGOM_COD.RDS","codWGOM","BT","SSP585",1980,7.60935004927357,7.47077536162796,0.138574687645614
"SSP585_TOBGOM_COD.RDS","codWGOM","BT","SSP585",1981,7.51605506491217,7.47077536162796,0.0452797032842138
"SSP585_TOBGOM_COD.RDS","codWGOM","BT","SSP585",1982,7.81408918022369,7.47077536162796,0.343313818595735
"SSP585_TOBGOM_COD.RDS","codWGOM","BT","SSP585",1983,8.01034533355547,7.47077536162796,0.539569971927515
"SSP585_TOBGOM_COD.RDS","codWGOM","BT","SSP585",1984,7.82830781832985,7.47077536162796,0.357532456701894
"SSP585_TOBGOM_COD.RDS","codWGOM","BT","SSP585",1985,7.63626457682307,7.47077536162796,0.165489215195114
"SSP585_TOBGOM_COD.RDS","codWGOM","BT","SSP585",1986,7.58486235748907,7.47077536162796,0.114086995861114
"SSP585_TOBGOM_COD.RDS","codWGOM","BT","SSP585",1987,7.50722662439998,7.47077536162796,0.0364512627720242
"SSP585_TOBGOM_COD.RDS","codWGOM","BT","SSP585",1988,7.31411648359358,7.47077536162796,-0.156658878034376
"SSP585_TOBGOM_COD.RDS","codWGOM","BT","SSP585",1989,8.06791907585926,7.47077536162796,0.597143714231304
"SSP585_TOBGOM_COD.RDS","codWGOM","BT","SSP585",1990,7.67376788654683,7.47077536162796,0.202992524918875
"SSP585_TOBGOM_COD.RDS","codWGOM","BT","SSP585",1991,7.60329593012792,7.47077536162796,0.132520568499964
"SSP585_TOBGOM_COD.RDS","codWGOM","BT","SSP585",1992,7.07149162795973,7.47077536162796,-0.399283733668225
"SSP585_TOBGOM_COD.RDS","codWGOM","BT","SSP585",1993,6.6560538102381,7.47077536162796,-0.814721551389856
"SSP585_TOBGOM_COD.RDS","codWGOM","BT","SSP585",1994,7.03724490618854,7.47077536162796,-0.433530455439416
"SSP585_TOBGOM_COD.RDS","codWGOM","BT","SSP585",1995,7.17799432899641,7.47077536162796,-0.292781032631546
"SSP585_TOBGOM_COD.RDS","codWGOM","BT","SSP585",1996,7.23875452198597,7.47077536162796,-0.232020839641986
"SSP585_TOBGOM_COD.RDS","codWGOM","BT","SSP585",1997,7.23321524673367,7.47077536162796,-0.237560114894285
"SSP585_TOBGOM_COD.RDS","codWGOM","BT","SSP585",1998,7.13480967275845,7.47077536162796,-0.335965688869506
"SSP585_TOBGOM_COD.RDS","codWGOM","BT","SSP585",1999,7.31212378096136,7.47077536162796,-0.158651580666596
"SSP585_TOBGOM_COD.RDS","codWGOM","BT","SSP585",2000,7.08612739980591,7.47077536162796,-0.384647961822045
"SSP585_TOBGOM_COD.RDS","codWGOM","BT","SSP585",2001,6.79698037257106,7.47077536162796,-0.673794989056896
"SSP585_TOBGOM_COD.RDS","codWGOM","BT","SSP585",2002,6.72067103489586,7.47077536162796,-0.750104326732096
"SSP585_TOBGOM_COD.RDS","codWGOM","BT","SSP585",2003,6.34402001614896,7.47077536162796,-1.126755345479
"SSP585_TOBGOM_COD.RDS","codWGOM","BT","SSP585",2004,6.9452693237281,7.47077536162796,-0.525506037899856
"SSP585_TOBGOM_COD.RDS","codWGOM","BT","SSP585",2005,7.09902501698607,7.47077536162796,-0.371750344641886
"SSP585_TOBGOM_COD.RDS","codWGOM","BT","SSP585",2006,7.73261740592696,7.47077536162796,0.261842044299004
"SSP585_TOBGOM_COD.RDS","codWGOM","BT","SSP585",2007,7.35574367786787,7.47077536162796,-0.115031683760086
"SSP585_TOBGOM_COD.RDS","codWGOM","BT","SSP585",2008,7.89935100700544,7.47077536162796,0.428575645377484
"SSP585_TOBGOM_COD.RDS","codWGOM","BT","SSP585",2009,8.48984148665244,7.47077536162796,1.01906612502448
"SSP585_TOBGOM_COD.RDS","codWGOM","BT","SSP585",2010,7.6433426002538,7.47077536162796,0.172567238625844
"SSP585_TOBGOM_COD.RDS","codWGOM","BT","SSP585",2011,7.84084377466522,7.47077536162796,0.370068413037265
"SSP585_TOBGOM_COD.RDS","codWGOM","BT","SSP585",2012,7.24843667323545,7.47077536162796,-0.222338688392505
"SSP585_TOBGOM_COD.RDS","codWGOM","BT","SSP585",2013,7.53073950258101,7.47077536162796,0.0599641409530545
"SSP585_TOBGOM_COD.RDS","codWGOM","BT","SSP585",2014,7.38818992487392,7.47077536162796,-0.0825854367540355
"SSP585_TOBGOM_COD.RDS","codWGOM","BT","SSP585",2015,7.31501232141293,7.47077536162796,-0.155763040215025
"SSP585_TOBGOM_COD.RDS","codWGOM","BT","SSP585",2016,7.56228462613147,7.47077536162796,0.0915092645035145
"SSP585_TOBGOM_COD.RDS","codWGOM","BT","SSP585",2017,7.90587642207649,7.47077536162796,0.435101060448535
"SSP585_TOBGOM_COD.RDS","codWGOM","BT","SSP585",2018,8.01008317618637,7.47077536162796,0.539307814558414
"SSP585_TOBGOM_COD.RDS","codWGOM","BT","SSP585",2019,7.73998591129824,7.47077536162796,0.269210549670285
"SSP585_TOBGOM_COD.RDS","codWGOM","BT","SSP585",2020,7.90528424985661,7.47077536162796,0.434508888228654
"SSP585_TOBGOM_COD.RDS","codWGOM","BT","SSP585",2021,7.59687610176039,7.47077536162796,0.126100740132435
"SSP585_TOBGOM_COD.RDS","codWGOM","BT","SSP585",2022,7.88355945208058,7.47077536162796,0.412784090452624
"SSP585_TOBGOM_COD.RDS","codWGOM","BT","SSP585",2023,7.78524084431784,7.47077536162796,0.314465482689884
"SSP585_TOBGOM_COD.RDS","codWGOM","BT","SSP585",2024,8.12131162163634,7.47077536162796,0.650536260008383
"SSP585_TOBGOM_COD.RDS","codWGOM","BT","SSP585",2025,7.77682807800933,7.47077536162796,0.306052716381374
"SSP585_TOBGOM_COD.RDS","codWGOM","BT","SSP585",2026,7.47783592695035,7.47077536162796,0.0070605653223943
"SSP585_TOBGOM_COD.RDS","codWGOM","BT","SSP585",2027,7.55424314952045,7.47077536162796,0.0834677878924941
"SSP585_TOBGOM_COD.RDS","codWGOM","BT","SSP585",2028,6.97112379118523,7.47077536162796,-0.499651570442726
"SSP585_TOBGOM_COD.RDS","codWGOM","BT","SSP585",2029,8.03485531614434,7.47077536162796,0.564079954516384
"SSP585_TOBGOM_COD.RDS","codWGOM","BT","SSP585",2030,7.73152654363502,7.47077536162796,0.260751182007064
"SSP585_TOBGOM_COD.RDS","codWGOM","BT","SSP585",2031,7.65034987911675,7.47077536162796,0.179574517488795
"SSP585_TOBGOM_COD.RDS","codWGOM","BT","SSP585",2032,8.17704197605204,7.47077536162796,0.706266614424084
"SSP585_TOBGOM_COD.RDS","codWGOM","BT","SSP585",2033,8.26016191488467,7.47077536162796,0.789386553256714
"SSP585_TOBGOM_COD.RDS","codWGOM","BT","SSP585",2034,7.80934722082956,7.47077536162796,0.338571859201604
"SSP585_TOBGOM_COD.RDS","codWGOM","BT","SSP585",2035,7.83525772035492,7.47077536162796,0.364482358726964
"SSP585_TOBGOM_COD.RDS","codWGOM","BT","SSP585",2036,7.6941238204885,7.47077536162796,0.223348458860544
"SSP585_TOBGOM_COD.RDS","codWGOM","BT","SSP585",2037,7.78799399914949,7.47077536162796,0.317218637521535
"SSP585_TOBGOM_COD.RDS","codWGOM","BT","SSP585",2038,7.33585909419919,7.47077536162796,-0.134916267428766
"SSP585_TOBGOM_COD.RDS","codWGOM","BT","SSP585",2039,7.70343953289601,7.47077536162796,0.232664171268055
"SSP585_TOBGOM_COD.RDS","codWGOM","BT","SSP585",2040,8.04049366823635,7.47077536162796,0.569718306608394
"SSP585_TOBGOM_COD.RDS","codWGOM","BT","SSP585",2041,8.61416816459679,7.47077536162796,1.14339280296883
"SSP585_TOBGOM_COD.RDS","codWGOM","BT","SSP585",2042,7.96284414226224,7.47077536162796,0.492068780634284
"SSP585_TOBGOM_COD.RDS","codWGOM","BT","SSP585",2043,7.99491501135856,7.47077536162796,0.524139649730604
"SSP585_TOBGOM_COD.RDS","codWGOM","BT","SSP585",2044,8.25101525383706,7.47077536162796,0.780239892209105
"SSP585_TOBGOM_COD.RDS","codWGOM","BT","SSP585",2045,8.20216476206454,7.47077536162796,0.731389400436584
"SSP585_TOBGOM_COD.RDS","codWGOM","BT","SSP585",2046,9.04474753474597,7.47077536162796,1.57397217311801
"SSP585_TOBGOM_COD.RDS","codWGOM","BT","SSP585",2047,9.53718517952084,7.47077536162796,2.06640981789288
"SSP585_TOBGOM_COD.RDS","codWGOM","BT","SSP585",2048,9.08426105339335,7.47077536162796,1.61348569176539
"SSP585_TOBGOM_COD.RDS","codWGOM","BT","SSP585",2049,9.52327895134873,7.47077536162796,2.05250358972078
"SSP585_TOBGOM_COD.RDS","codWGOM","BT","SSP585",2050,9.20462252916016,7.47077536162796,1.7338471675322
"SSP585_TOBGOM_COD.RDS","codWGOM","BT","SSP585",2051,9.2826901755718,7.47077536162796,1.81191481394384
"SSP585_TOBGOM_COD.RDS","codWGOM","BT","SSP585",2052,9.66182026137476,7.47077536162796,2.1910448997468
"SSP585_TOBGOM_COD.RDS","codWGOM","BT","SSP585",2053,10.0179381123241,7.47077536162796,2.54716275069614
"SSP585_TOBGOM_COD.RDS","codWGOM","BT","SSP585",2054,9.54143074210386,7.47077536162796,2.0706553804759
"SSP585_TOBGOM_COD.RDS","codWGOM","BT","SSP585",2055,10.0944015483679,7.47077536162796,2.62362618673994
"SSP585_TOBGOM_COD.RDS","codWGOM","BT","SSP585",2056,9.13595625287998,7.47077536162796,1.66518089125202
"SSP585_TOBGOM_COD.RDS","codWGOM","BT","SSP585",2057,9.37458160575132,7.47077536162796,1.90380624412336
"SSP585_TOBGOM_COD.RDS","codWGOM","BT","SSP585",2058,9.49480549400638,7.47077536162796,2.02403013237842
"SSP585_TOBGOM_COD.RDS","codWGOM","BT","SSP585",2059,10.3500527836521,7.47077536162796,2.87927742202414
"SSP585_TOBGOM_COD.RDS","codWGOM","BT","SSP585",2060,9.74154738950433,7.47077536162796,2.27077202787637
"SSP585_TOBGOM_COD.RDS","codWGOM","BT","SSP585",2061,8.99928208093466,7.47077536162796,1.52850671930671
"SSP585_TOBGOM_COD.RDS","codWGOM","BT","SSP585",2062,9.59645803996495,7.47077536162796,2.12568267833699
"SSP585_TOBGOM_COD.RDS","codWGOM","BT","SSP585",2063,8.74512662961616,7.47077536162796,1.2743512679882
"SSP585_TOBGOM_COD.RDS","codWGOM","BT","SSP585",2064,8.37884711612085,7.47077536162796,0.908071754492894
"SSP585_TOBGOM_COD.RDS","codWGOM","BT","SSP585",2065,8.92595640798533,7.47077536162796,1.45518104635737
"SSP585_TOBGOM_COD.RDS","codWGOM","BT","SSP585",2066,9.50302289435582,7.47077536162796,2.03224753272786
"SSP585_TOBGOM_COD.RDS","codWGOM","BT","SSP585",2067,9.719390259026,7.47077536162796,2.24861489739804
"SSP585_TOBGOM_COD.RDS","codWGOM","BT","SSP585",2068,9.68690612819624,7.47077536162796,2.21613076656828
"SSP585_TOBGOM_COD.RDS","codWGOM","BT","SSP585",2069,9.85648044073804,7.47077536162796,2.38570507911008
"SSP585_TOBGOM_COD.RDS","codWGOM","BT","SSP585",2070,9.57843522596063,7.47077536162796,2.10765986433267
"SSP585_TOBGOM_COD.RDS","codWGOM","BT","SSP585",2071,10.1466879477412,7.47077536162796,2.67591258611324
"SSP585_TOBGOM_COD.RDS","codWGOM","BT","SSP585",2072,10.049034298725,7.47077536162796,2.57825893709704
"SSP585_TOBGOM_COD.RDS","codWGOM","BT","SSP585",2073,10.4522680689829,7.47077536162796,2.98149270735494
"SSP585_TOBGOM_COD.RDS","codWGOM","BT","SSP585",2074,10.0085870461434,7.47077536162796,2.53781168451544
"SSP585_TOBGOM_COD.RDS","codWGOM","BT","SSP585",2075,10.181611674913,7.47077536162796,2.71083631328504
"SSP585_TOBGOM_COD.RDS","codWGOM","BT","SSP585",2076,10.9804794662487,7.47077536162796,3.50970410462075
"SSP585_TOBGOM_COD.RDS","codWGOM","BT","SSP585",2077,9.349364928133,7.47077536162796,1.87858956650504
"SSP585_TOBGOM_COD.RDS","codWGOM","BT","SSP585",2078,10.4401065556899,7.47077536162796,2.96933119406194
"SSP585_TOBGOM_COD.RDS","codWGOM","BT","SSP585",2079,10.5876540477231,7.47077536162796,3.11687868609514
"SSP585_TOBGOM_COD.RDS","codWGOM","BT","SSP585",2080,10.2953599426317,7.47077536162796,2.82458458100374
"SSP585_TOBGOM_COD.RDS","codWGOM","BT","SSP585",2081,10.595716000788,7.47077536162796,3.12494063916004
"SSP585_TOBGOM_COD.RDS","codWGOM","BT","SSP585",2082,10.554861764582,7.47077536162796,3.08408640295404
"SSP585_TOBGOM_COD.RDS","codWGOM","BT","SSP585",2083,10.7240332252491,7.47077536162796,3.25325786362114
"SSP585_TOBGOM_COD.RDS","codWGOM","BT","SSP585",2084,10.2802821862772,7.47077536162796,2.80950682464924
"SSP585_TOBGOM_COD.RDS","codWGOM","BT","SSP585",2085,10.6368964686897,7.47077536162796,3.16612110706174
"SSP585_TOBGOM_COD.RDS","codWGOM","BT","SSP585",2086,10.9417273416282,7.47077536162796,3.47095198000024
"SSP585_TOBGOM_COD.RDS","codWGOM","BT","SSP585",2087,11.4003475386163,7.47077536162796,3.92957217698834
"SSP585_TOBGOM_COD.RDS","codWGOM","BT","SSP585",2088,11.3459579162716,7.47077536162796,3.87518255464364
"SSP585_TOBGOM_COD.RDS","codWGOM","BT","SSP585",2089,11.1978716249051,7.47077536162796,3.72709626327714
"SSP585_TOBGOM_COD.RDS","codWGOM","BT","SSP585",2090,11.6109281548802,7.47077536162796,4.14015279325224
"SSP585_TOBGOM_COD.RDS","codWGOM","BT","SSP585",2091,11.4175141993517,7.47077536162796,3.94673883772374
"SSP585_TOBGOM_COD.RDS","codWGOM","BT","SSP585",2092,10.6029022218278,7.47077536162796,3.13212686019985
"SSP585_TOBGOM_COD.RDS","codWGOM","BT","SSP585",2093,11.1352996162746,7.47077536162796,3.66452425464664
"SSP585_TOBGOM_COD.RDS","codWGOM","BT","SSP585",2094,11.7368374279567,7.47077536162796,4.26606206632874
"SSP585_TOBGOM_COD.RDS","codWGOM","BT","SSP585",2095,11.5567842665666,7.47077536162796,4.08600890493864
"SSP585_TOBGOM_COD.RDS","codWGOM","BT","SSP585",2096,11.630245292557,7.47077536162796,4.15946993092904
"SSP585_TOBGOM_COD.RDS","codWGOM","BT","SSP585",2097,10.6489781358968,7.47077536162796,3.17820277426884
"SSP585_TOBGOM_COD.RDS","codWGOM","BT","SSP585",2098,11.3391473090427,7.47077536162796,3.86837194741474
"SSP585_TOBGOM_COD.RDS","codWGOM","BT","SSP585",2099,11.2177517218619,7.47077536162796,3.74697636023394
"SSP585_TOBGOM_COD.RDS","codWGOM","BT","SSP585",2100,11.6269289723094,7.47077536162796,4.15615361068144
"SSP585_TOSGOM_COD.RDS","codWGOM","SST","SSP585",1970,10.4049256185567,11.5620221074565,-1.15709648889976
"SSP585_TOSGOM_COD.RDS","codWGOM","SST","SSP585",1971,10.977708031376,11.5620221074565,-0.584314076080455
"SSP585_TOSGOM_COD.RDS","codWGOM","SST","SSP585",1972,11.9300499187493,11.5620221074565,0.368027811292844
"SSP585_TOSGOM_COD.RDS","codWGOM","SST","SSP585",1973,11.5008852395952,11.5620221074565,-0.0611368678612543
"SSP585_TOSGOM_COD.RDS","codWGOM","SST","SSP585",1974,11.4698405171033,11.5620221074565,-0.0921815903531549
"SSP585_TOSGOM_COD.RDS","codWGOM","SST","SSP585",1975,12.4177929493211,11.5620221074565,0.855770841864645
"SSP585_TOSGOM_COD.RDS","codWGOM","SST","SSP585",1976,11.0858136431771,11.5620221074565,-0.476208464279354
"SSP585_TOSGOM_COD.RDS","codWGOM","SST","SSP585",1977,10.464205022184,11.5620221074565,-1.09781708527245
"SSP585_TOSGOM_COD.RDS","codWGOM","SST","SSP585",1978,10.62863772878,11.5620221074565,-0.933384378676456
"SSP585_TOSGOM_COD.RDS","codWGOM","SST","SSP585",1979,10.7127344469106,11.5620221074565,-0.849287660545855
"SSP585_TOSGOM_COD.RDS","codWGOM","SST","SSP585",1980,11.6415242603847,11.5620221074565,0.079502152928244
"SSP585_TOSGOM_COD.RDS","codWGOM","SST","SSP585",1981,11.7504064311152,11.5620221074565,0.188384323658745
"SSP585_TOSGOM_COD.RDS","codWGOM","SST","SSP585",1982,11.5436172956265,11.5620221074565,-0.0184048118299547
"SSP585_TOSGOM_COD.RDS","codWGOM","SST","SSP585",1983,11.1078888798352,11.5620221074565,-0.454133227621256
"SSP585_TOSGOM_COD.RDS","codWGOM","SST","SSP585",1984,11.4323448216693,11.5620221074565,-0.129677285787155
"SSP585_TOSGOM_COD.RDS","codWGOM","SST","SSP585",1985,11.6455540070623,11.5620221074565,0.0835318996058447
"SSP585_TOSGOM_COD.RDS","codWGOM","SST","SSP585",1986,10.7946009073198,11.5620221074565,-0.767421200136654
"SSP585_TOSGOM_COD.RDS","codWGOM","SST","SSP585",1987,11.1603553067083,11.5620221074565,-0.401666800748155
"SSP585_TOSGOM_COD.RDS","codWGOM","SST","SSP585",1988,10.8294933425714,11.5620221074565,-0.732528764885055
"SSP585_TOSGOM_COD.RDS","codWGOM","SST","SSP585",1989,12.7882731710161,11.5620221074565,1.22625106355964
"SSP585_TOSGOM_COD.RDS","codWGOM","SST","SSP585",1990,12.193204247137,11.5620221074565,0.631182139680545
"SSP585_TOSGOM_COD.RDS","codWGOM","SST","SSP585",1991,12.628684767729,11.5620221074565,1.06666266027255
"SSP585_TOSGOM_COD.RDS","codWGOM","SST","SSP585",1992,11.7875906965007,11.5620221074565,0.225568589044245
"SSP585_TOSGOM_COD.RDS","codWGOM","SST","SSP585",1993,10.4521185024925,11.5620221074565,-1.10990360496396
"SSP585_TOSGOM_COD.RDS","codWGOM","SST","SSP585",1994,11.1883901175505,11.5620221074565,-0.373631989905956
"SSP585_TOSGOM_COD.RDS","codWGOM","SST","SSP585",1995,11.9916106283294,11.5620221074565,0.429588520872946
"SSP585_TOSGOM_COD.RDS","codWGOM","SST","SSP585",1996,11.6622965427659,11.5620221074565,0.100274435309444
"SSP585_TOSGOM_COD.RDS","codWGOM","SST","SSP585",1997,11.087209355609,11.5620221074565,-0.474812751847455
"SSP585_TOSGOM_COD.RDS","codWGOM","SST","SSP585",1998,11.2366550857236,11.5620221074565,-0.325367021732855
"SSP585_TOSGOM_COD.RDS","codWGOM","SST","SSP585",1999,11.0846170872635,11.5620221074565,-0.477405020192956
"SSP585_TOSGOM_COD.RDS","codWGOM","SST","SSP585",2000,10.2925772912754,11.5620221074565,-1.26944481618106
"SSP585_TOSGOM_COD.RDS","codWGOM","SST","SSP585",2001,10.8293166521914,11.5620221074565,-0.732705455265055
"SSP585_TOSGOM_COD.RDS","codWGOM","SST","SSP585",2002,11.3342845875284,11.5620221074565,-0.227737519928056
"SSP585_TOSGOM_COD.RDS","codWGOM","SST","SSP585",2003,10.1039479723628,11.5620221074565,-1.45807413509366
"SSP585_TOSGOM_COD.RDS","codWGOM","SST","SSP585",2004,11.055702581761,11.5620221074565,-0.506319525695455
"SSP585_TOSGOM_COD.RDS","codWGOM","SST","SSP585",2005,11.0796099357723,11.5620221074565,-0.482412171684155
"SSP585_TOSGOM_COD.RDS","codWGOM","SST","SSP585",2006,12.2323574160937,11.5620221074565,0.670335308637245
"SSP585_TOSGOM_COD.RDS","codWGOM","SST","SSP585",2007,11.5879337144935,11.5620221074565,0.0259116070370453
"SSP585_TOSGOM_COD.RDS","codWGOM","SST","SSP585",2008,12.7163286078791,11.5620221074565,1.15430650042265
"SSP585_TOSGOM_COD.RDS","codWGOM","SST","SSP585",2009,12.6493412550932,11.5620221074565,1.08731914763674
"SSP585_TOSGOM_COD.RDS","codWGOM","SST","SSP585",2010,11.8806365433687,11.5620221074565,0.318614435912245
"SSP585_TOSGOM_COD.RDS","codWGOM","SST","SSP585",2011,12.0277350875902,11.5620221074565,0.465712980133745
"SSP585_TOSGOM_COD.RDS","codWGOM","SST","SSP585",2012,10.8439467744057,11.5620221074565,-0.718075333050756
"SSP585_TOSGOM_COD.RDS","codWGOM","SST","SSP585",2013,12.1751211847578,11.5620221074565,0.613099077301344
"SSP585_TOSGOM_COD.RDS","codWGOM","SST","SSP585",2014,11.4027609297948,11.5620221074565,-0.159261177661655
"SSP585_TOSGOM_COD.RDS","codWGOM","SST","SSP585",2015,10.6498648101499,11.5620221074565,-0.912157297306555
"SSP585_TOSGOM_COD.RDS","codWGOM","SST","SSP585",2016,11.2639990421556,11.5620221074565,-0.298023065300855
"SSP585_TOSGOM_COD.RDS","codWGOM","SST","SSP585",2017,12.0789295297232,11.5620221074565,0.516907422266746
"SSP585_TOSGOM_COD.RDS","codWGOM","SST","SSP585",2018,12.2445523475268,11.5620221074565,0.682530240070346
"SSP585_TOSGOM_COD.RDS","codWGOM","SST","SSP585",2019,11.2792635662956,11.5620221074565,-0.282758541160856
"SSP585_TOSGOM_COD.RDS","codWGOM","SST","SSP585",2020,12.4991802037873,11.5620221074565,0.937158096330846
"SSP585_TOSGOM_COD.RDS","codWGOM","SST","SSP585",2021,11.8828798098594,11.5620221074565,0.320857702402945
"SSP585_TOSGOM_COD.RDS","codWGOM","SST","SSP585",2022,12.3929688714306,11.5620221074565,0.830946763974145
"SSP585_TOSGOM_COD.RDS","codWGOM","SST","SSP585",2023,12.298800711306,11.5620221074565,0.736778603849546
"SSP585_TOSGOM_COD.RDS","codWGOM","SST","SSP585",2024,12.1679615589402,11.5620221074565,0.605939451483746
"SSP585_TOSGOM_COD.RDS","codWGOM","SST","SSP585",2025,11.6170906925794,11.5620221074565,0.0550685851229442
"SSP585_TOSGOM_COD.RDS","codWGOM","SST","SSP585",2026,11.7068787610309,11.5620221074565,0.144856653574445
"SSP585_TOSGOM_COD.RDS","codWGOM","SST","SSP585",2027,11.6866350869955,11.5620221074565,0.124612979539044
"SSP585_TOSGOM_COD.RDS","codWGOM","SST","SSP585",2028,11.7813470141488,11.5620221074565,0.219324906692345
"SSP585_TOSGOM_COD.RDS","codWGOM","SST","SSP585",2029,12.1463219559711,11.5620221074565,0.584299848514645
"SSP585_TOSGOM_COD.RDS","codWGOM","SST","SSP585",2030,11.6826973749244,11.5620221074565,0.120675267467945
"SSP585_TOSGOM_COD.RDS","codWGOM","SST","SSP585",2031,11.4349971557996,11.5620221074565,-0.127024951656855
"SSP585_TOSGOM_COD.RDS","codWGOM","SST","SSP585",2032,12.5556480887514,11.5620221074565,0.993625981294946
"SSP585_TOSGOM_COD.RDS","codWGOM","SST","SSP585",2033,12.0244576495627,11.5620221074565,0.462435542106245
"SSP585_TOSGOM_COD.RDS","codWGOM","SST","SSP585",2034,11.8123219863228,11.5620221074565,0.250299878866345
"SSP585_TOSGOM_COD.RDS","codWGOM","SST","SSP585",2035,12.7205083675266,11.5620221074565,1.15848626007014
"SSP585_TOSGOM_COD.RDS","codWGOM","SST","SSP585",2036,12.5947544334838,11.5620221074565,1.03273232602734
"SSP585_TOSGOM_COD.RDS","codWGOM","SST","SSP585",2037,12.1227661997635,11.5620221074565,0.560744092307045
"SSP585_TOSGOM_COD.RDS","codWGOM","SST","SSP585",2038,11.3872438605528,11.5620221074565,-0.174778246903655
"SSP585_TOSGOM_COD.RDS","codWGOM","SST","SSP585",2039,11.978584983186,11.5620221074565,0.416562875729545
"SSP585_TOSGOM_COD.RDS","codWGOM","SST","SSP585",2040,12.3249461108853,11.5620221074565,0.762924003428845
"SSP585_TOSGOM_COD.RDS","codWGOM","SST","SSP585",2041,12.1518217696907,11.5620221074565,0.589799662234245
"SSP585_TOSGOM_COD.RDS","codWGOM","SST","SSP585",2042,12.2555152034167,11.5620221074565,0.693493095960244
"SSP585_TOSGOM_COD.RDS","codWGOM","SST","SSP585",2043,12.9316041987875,11.5620221074565,1.36958209133105
"SSP585_TOSGOM_COD.RDS","codWGOM","SST","SSP585",2044,13.1598323839792,11.5620221074565,1.59781027652275
"SSP585_TOSGOM_COD.RDS","codWGOM","SST","SSP585",2045,13.1459472164604,11.5620221074565,1.58392510900394
"SSP585_TOSGOM_COD.RDS","codWGOM","SST","SSP585",2046,13.154512595538,11.5620221074565,1.59249048808154
"SSP585_TOSGOM_COD.RDS","codWGOM","SST","SSP585",2047,13.5612349794518,11.5620221074565,1.99921287199535
"SSP585_TOSGOM_COD.RDS","codWGOM","SST","SSP585",2048,13.5307973867618,11.5620221074565,1.96877527930534
"SSP585_TOSGOM_COD.RDS","codWGOM","SST","SSP585",2049,13.6332381633498,11.5620221074565,2.07121605589334
"SSP585_TOSGOM_COD.RDS","codWGOM","SST","SSP585",2050,13.7709911849928,11.5620221074565,2.20896907753635
"SSP585_TOSGOM_COD.RDS","codWGOM","SST","SSP585",2051,13.3200570023578,11.5620221074565,1.75803489490134
"SSP585_TOSGOM_COD.RDS","codWGOM","SST","SSP585",2052,13.8871629703119,11.5620221074565,2.32514086285545
"SSP585_TOSGOM_COD.RDS","codWGOM","SST","SSP585",2053,14.1941020781949,11.5620221074565,2.63207997073845
"SSP585_TOSGOM_COD.RDS","codWGOM","SST","SSP585",2054,13.9399760370669,11.5620221074565,2.37795392961045
"SSP585_TOSGOM_COD.RDS","codWGOM","SST","SSP585",2055,15.0870045916634,11.5620221074565,3.52498248420694
"SSP585_TOSGOM_COD.RDS","codWGOM","SST","SSP585",2056,13.5931610948551,11.5620221074565,2.03113898739864
"SSP585_TOSGOM_COD.RDS","codWGOM","SST","SSP585",2057,14.7498397465818,11.5620221074565,3.18781763912535
"SSP585_TOSGOM_COD.RDS","codWGOM","SST","SSP585",2058,14.4526476623109,11.5620221074565,2.89062555485445
"SSP585_TOSGOM_COD.RDS","codWGOM","SST","SSP585",2059,14.9531676825529,11.5620221074565,3.39114557509644
"SSP585_TOSGOM_COD.RDS","codWGOM","SST","SSP585",2060,14.3151373963919,11.5620221074565,2.75311528893545
"SSP585_TOSGOM_COD.RDS","codWGOM","SST","SSP585",2061,14.061166904876,11.5620221074565,2.49914479741954
"SSP585_TOSGOM_COD.RDS","codWGOM","SST","SSP585",2062,14.4150927774654,11.5620221074565,2.85307067000894
"SSP585_TOSGOM_COD.RDS","codWGOM","SST","SSP585",2063,14.0469277518136,11.5620221074565,2.48490564435714
"SSP585_TOSGOM_COD.RDS","codWGOM","SST","SSP585",2064,13.4835077208762,11.5620221074565,1.92148561341975
"SSP585_TOSGOM_COD.RDS","codWGOM","SST","SSP585",2065,13.8447955202612,11.5620221074565,2.28277341280475
"SSP585_TOSGOM_COD.RDS","codWGOM","SST","SSP585",2066,14.3969098790092,11.5620221074565,2.83488777155275
"SSP585_TOSGOM_COD.RDS","codWGOM","SST","SSP585",2067,15.0097893572742,11.5620221074565,3.44776724981774
"SSP585_TOSGOM_COD.RDS","codWGOM","SST","SSP585",2068,14.1150307021526,11.5620221074565,2.55300859469614
"SSP585_TOSGOM_COD.RDS","codWGOM","SST","SSP585",2069,14.9627719351964,11.5620221074565,3.40074982773995
"SSP585_TOSGOM_COD.RDS","codWGOM","SST","SSP585",2070,14.0565730953809,11.5620221074565,2.49455098792444
"SSP585_TOSGOM_COD.RDS","codWGOM","SST","SSP585",2071,14.9216022248594,11.5620221074565,3.35958011740295
"SSP585_TOSGOM_COD.RDS","codWGOM","SST","SSP585",2072,15.1493634934751,11.5620221074565,3.58734138601864
"SSP585_TOSGOM_COD.RDS","codWGOM","SST","SSP585",2073,15.6173505309206,11.5620221074565,4.05532842346414
"SSP585_TOSGOM_COD.RDS","codWGOM","SST","SSP585",2074,14.6872756395281,11.5620221074565,3.12525353207164
"SSP585_TOSGOM_COD.RDS","codWGOM","SST","SSP585",2075,15.322656466798,11.5620221074565,3.76063435934154
"SSP585_TOSGOM_COD.RDS","codWGOM","SST","SSP585",2076,15.9718044328393,11.5620221074565,4.40978232538284
"SSP585_TOSGOM_COD.RDS","codWGOM","SST","SSP585",2077,14.8274532999311,11.5620221074565,3.26543119247465
"SSP585_TOSGOM_COD.RDS","codWGOM","SST","SSP585",2078,14.8199452648992,11.5620221074565,3.25792315744274
"SSP585_TOSGOM_COD.RDS","codWGOM","SST","SSP585",2079,14.6333929352138,11.5620221074565,3.07137082775735
"SSP585_TOSGOM_COD.RDS","codWGOM","SST","SSP585",2080,14.5895499033958,11.5620221074565,3.02752779593935
"SSP585_TOSGOM_COD.RDS","codWGOM","SST","SSP585",2081,15.0035728620446,11.5620221074565,3.44155075458814
"SSP585_TOSGOM_COD.RDS","codWGOM","SST","SSP585",2082,15.7250006669797,11.5620221074565,4.16297855952324
"SSP585_TOSGOM_COD.RDS","codWGOM","SST","SSP585",2083,15.110302916817,11.5620221074565,3.54828080936054
"SSP585_TOSGOM_COD.RDS","codWGOM","SST","SSP585",2084,14.9021703376533,11.5620221074565,3.34014823019685
"SSP585_TOSGOM_COD.RDS","codWGOM","SST","SSP585",2085,14.7400546612947,11.5620221074565,3.17803255383824
"SSP585_TOSGOM_COD.RDS","codWGOM","SST","SSP585",2086,14.8048640547332,11.5620221074565,3.24284194727674
"SSP585_TOSGOM_COD.RDS","codWGOM","SST","SSP585",2087,15.3722032819475,11.5620221074565,3.81018117449105
"SSP585_TOSGOM_COD.RDS","codWGOM","SST","SSP585",2088,15.238166069244,11.5620221074565,3.67614396178755
"SSP585_TOSGOM_COD.RDS","codWGOM","SST","SSP585",2089,15.6180114035281,11.5620221074565,4.05598929607165
"SSP585_TOSGOM_COD.RDS","codWGOM","SST","SSP585",2090,15.964362386739,11.5620221074565,4.40234027928254
"SSP585_TOSGOM_COD.RDS","codWGOM","SST","SSP585",2091,15.7631095607829,11.5620221074565,4.20108745332644
"SSP585_TOSGOM_COD.RDS","codWGOM","SST","SSP585",2092,14.9631930736281,11.5620221074565,3.40117096617164
"SSP585_TOSGOM_COD.RDS","codWGOM","SST","SSP585",2093,15.1218002698436,11.5620221074565,3.55977816238715
"SSP585_TOSGOM_COD.RDS","codWGOM","SST","SSP585",2094,15.8655701732043,11.5620221074565,4.30354806574785
"SSP585_TOSGOM_COD.RDS","codWGOM","SST","SSP585",2095,15.5779400363472,11.5620221074565,4.01591792889075
"SSP585_TOSGOM_COD.RDS","codWGOM","SST","SSP585",2096,15.681579134331,11.5620221074565,4.11955702687455
"SSP585_TOSGOM_COD.RDS","codWGOM","SST","SSP585",2097,15.4306815034854,11.5620221074565,3.86865939602895
"SSP585_TOSGOM_COD.RDS","codWGOM","SST","SSP585",2098,15.2898095942432,11.5620221074565,3.72778748678675
"SSP585_TOSGOM_COD.RDS","codWGOM","SST","SSP585",2099,15.1989904853868,11.5620221074565,3.63696837793034
"SSP585_TOSGOM_COD.RDS","codWGOM","SST","SSP585",2100,15.4311634419127,11.5620221074565,3.86914133445624
